Participant,Method,AppsNumber,Distance,NrErrors
P1,Home,1,1,0
P1,Home,1,1,0
P1,Home,1,1,0
P1,Home,1,0,0
P1,Home,1,0,0
P1,Home,1,0,0
P1,Home,1,1,0
P1,Home,1,1,0
P1,Home,1,1,0
P1,Home,1,0,0
P1,Home,1,0,0
P1,Home,1,0,0
P1,Home,1,1,2
P1,Home,1,1,0
P1,Home,1,1,0
P1,Home,1,1,0
P1,Home,1,1,0
P1,Home,1,1,0
P1,Home,2,3,0
P1,Home,2,1,0
P1,Home,2,1,0
P1,Home,2,2,0
P1,Home,2,2,0
P1,Home,2,0,0
P1,Home,2,3,0
P1,Home,2,1,0
P1,Home,2,3,0
P1,Home,2,0,0
P1,Home,2,0,0
P1,Home,2,0,0
P1,Home,2,3,0
P1,Home,2,3,0
P1,Home,2,1,0
P1,Home,2,1,0
P1,Home,2,1,0
P1,Home,2,1,0
P1,Home,3,2,0
P1,Home,3,0,0
P1,Home,3,0,0
P1,Home,3,2,0
P1,Home,3,1,0
P1,Home,3,1,0
P1,Home,3,1,0
P1,Home,3,2,0
P1,Home,3,3,0
P1,Home,3,3,0
P1,Home,3,2,0
P1,Home,3,3,0
P1,Home,3,3,0
P1,Home,3,3,0
P1,Home,3,3,0
P1,Home,3,2,0
P1,Home,3,3,0
P1,Home,3,3,0
P1,RuntimeBar,1,0,0
P1,RuntimeBar,1,0,0
P1,RuntimeBar,1,0,0
P1,RuntimeBar,1,3,0
P1,RuntimeBar,1,3,0
P1,RuntimeBar,1,3,0
P1,RuntimeBar,1,1,0
P1,RuntimeBar,1,1,0
P1,RuntimeBar,1,1,0
P1,RuntimeBar,1,0,0
P1,RuntimeBar,1,0,0
P1,RuntimeBar,1,0,0
P1,RuntimeBar,1,2,0
P1,RuntimeBar,1,2,0
P1,RuntimeBar,1,2,0
P1,RuntimeBar,1,2,0
P1,RuntimeBar,1,2,0
P1,RuntimeBar,1,2,0
P1,TapNFlip,3,1,0
P1,TapNFlip,3,3,0
P1,TapNFlip,3,3,0
P1,TapNFlip,3,1,0
P1,TapNFlip,3,1,0
P1,TapNFlip,3,3,0
P1,TapNFlip,3,0,0
P1,TapNFlip,3,2,0
P1,TapNFlip,3,0,0
P1,TapNFlip,3,2,0
P1,TapNFlip,3,0,0
P1,TapNFlip,3,0,0
P1,TapNFlip,3,1,0
P1,TapNFlip,3,1,0
P1,TapNFlip,3,3,0
P1,TapNFlip,3,0,0
P1,TapNFlip,3,2,0
P1,TapNFlip,3,2,0
P1,RuntimeBar,2,0,0
P1,RuntimeBar,2,0,0
P1,RuntimeBar,2,0,0
P1,RuntimeBar,2,2,0
P1,RuntimeBar,2,0,0
P1,RuntimeBar,2,2,0
P1,RuntimeBar,2,2,0
P1,RuntimeBar,2,0,0
P1,RuntimeBar,2,2,0
P1,RuntimeBar,2,2,0
P1,RuntimeBar,2,2,0
P1,RuntimeBar,2,2,0
P1,RuntimeBar,2,2,0
P1,RuntimeBar,2,3,0
P1,RuntimeBar,2,3,0
P1,RuntimeBar,2,0,0
P1,RuntimeBar,2,0,0
P1,RuntimeBar,2,0,0
P1,TapNFlip,2,3,0
P1,TapNFlip,2,3,0
P1,TapNFlip,2,3,0
P1,TapNFlip,2,1,0
P1,TapNFlip,2,3,0
P1,TapNFlip,2,3,0
P1,TapNFlip,2,0,0
P1,TapNFlip,2,3,0
P1,TapNFlip,2,3,0
P1,TapNFlip,2,3,0
P1,TapNFlip,2,3,0
P1,TapNFlip,2,3,0
P1,TapNFlip,2,2,0
P1,TapNFlip,2,1,0
P1,TapNFlip,2,1,0
P1,TapNFlip,2,3,0
P1,TapNFlip,2,1,0
P1,TapNFlip,2,1,0
P1,RuntimeBar,3,1,0
P1,RuntimeBar,3,3,0
P1,RuntimeBar,3,3,0
P1,RuntimeBar,3,3,0
P1,RuntimeBar,3,3,0
P1,RuntimeBar,3,3,0
P1,RuntimeBar,3,3,0
P1,RuntimeBar,3,3,0
P1,RuntimeBar,3,3,0
P1,RuntimeBar,3,3,0
P1,RuntimeBar,3,3,0
P1,RuntimeBar,3,2,0
P1,RuntimeBar,3,3,0
P1,RuntimeBar,3,2,0
P1,RuntimeBar,3,2,0
P1,RuntimeBar,3,2,0
P1,RuntimeBar,3,2,0
P1,RuntimeBar,3,3,0
P1,TapNFlip,1,3,0
P1,TapNFlip,1,3,0
P1,TapNFlip,1,3,0
P1,TapNFlip,1,3,0
P1,TapNFlip,1,3,0
P1,TapNFlip,1,3,0
P1,TapNFlip,1,0,0
P1,TapNFlip,1,0,0
P1,TapNFlip,1,0,0
P1,TapNFlip,1,3,0
P1,TapNFlip,1,3,0
P1,TapNFlip,1,3,0
P1,TapNFlip,1,1,0
P1,TapNFlip,1,1,0
P1,TapNFlip,1,1,0
P1,TapNFlip,1,3,0
P1,TapNFlip,1,3,0
P1,TapNFlip,1,3,0
P1,Flipping,1,1,0
P1,Flipping,1,1,0
P1,Flipping,1,1,0
P1,Flipping,1,1,0
P1,Flipping,1,1,0
P1,Flipping,1,1,0
P1,Flipping,1,3,0
P1,Flipping,1,3,0
P1,Flipping,1,3,0
P1,Flipping,1,0,0
P1,Flipping,1,0,0
P1,Flipping,1,0,0
P1,Flipping,1,1,0
P1,Flipping,1,1,0
P1,Flipping,1,1,0
P1,Flipping,1,0,0
P1,Flipping,1,0,0
P1,Flipping,1,0,0
P1,Flipping,3,1,0
P1,Flipping,3,1,0
P1,Flipping,3,1,0
P1,Flipping,3,3,0
P1,Flipping,3,3,0
P1,Flipping,3,3,0
P1,Flipping,3,1,0
P1,Flipping,3,1,0
P1,Flipping,3,0,0
P1,Flipping,3,3,0
P1,Flipping,3,0,0
P1,Flipping,3,3,0
P1,Flipping,3,3,0
P1,Flipping,3,3,0
P1,Flipping,3,1,0
P1,Flipping,3,2,0
P1,Flipping,3,2,0
P1,Flipping,3,2,0
P1,Flipping,2,0,0
P1,Flipping,2,0,0
P1,Flipping,2,0,0
P1,Flipping,2,2,0
P1,Flipping,2,2,0
P1,Flipping,2,2,0
P1,Flipping,2,2,0
P1,Flipping,2,2,0
P1,Flipping,2,2,0
P1,Flipping,2,0,0
P1,Flipping,2,3,0
P1,Flipping,2,3,0
P1,Flipping,2,1,0
P1,Flipping,2,1,0
P1,Flipping,2,3,0
P1,Flipping,2,2,0
P1,Flipping,2,2,0
P1,Flipping,2,2,0
P2,Home,2,3,0
P2,Home,2,3,0
P2,Home,2,3,0
P2,Home,2,2,0
P2,Home,2,2,0
P2,Home,2,2,0
P2,Home,2,1,0
P2,Home,2,3,0
P2,Home,2,1,0
P2,Home,2,2,0
P2,Home,2,2,0
P2,Home,2,2,0
P2,Home,2,3,0
P2,Home,2,3,0
P2,Home,2,3,0
P2,Home,2,1,0
P2,Home,2,1,0
P2,Home,2,1,0
P2,Home,3,0,0
P2,Home,3,3,0
P2,Home,3,3,0
P2,Home,3,1,0
P2,Home,3,2,0
P2,Home,3,2,0
P2,Home,3,2,0
P2,Home,3,3,0
P2,Home,3,3,0
P2,Home,3,3,0
P2,Home,3,3,0
P2,Home,3,1,0
P2,Home,3,2,0
P2,Home,3,0,0
P2,Home,3,2,0
P2,Home,3,0,0
P2,Home,3,2,0
P2,Home,3,3,0
P2,Home,1,1,0
P2,Home,1,1,0
P2,Home,1,1,0
P2,Home,1,1,0
P2,Home,1,1,0
P2,Home,1,1,0
P2,Home,1,3,0
P2,Home,1,3,0
P2,Home,1,3,0
P2,Home,1,2,0
P2,Home,1,2,0
P2,Home,1,2,0
P2,Home,1,2,0
P2,Home,1,2,0
P2,Home,1,2,0
P2,Home,1,3,0
P2,Home,1,3,0
P2,Home,1,3,0
P2,RuntimeBar,1,3,0
P2,RuntimeBar,1,3,0
P2,RuntimeBar,1,3,0
P2,RuntimeBar,1,2,0
P2,RuntimeBar,1,2,0
P2,RuntimeBar,1,2,0
P2,RuntimeBar,1,1,0
P2,RuntimeBar,1,1,0
P2,RuntimeBar,1,1,0
P2,RuntimeBar,1,2,0
P2,RuntimeBar,1,2,0
P2,RuntimeBar,1,2,0
P2,RuntimeBar,1,2,0
P2,RuntimeBar,1,2,0
P2,RuntimeBar,1,2,0
P2,RuntimeBar,1,3,0
P2,RuntimeBar,1,3,0
P2,RuntimeBar,1,3,0
P2,TapNFlip,3,2,0
P2,TapNFlip,3,0,0
P2,TapNFlip,3,2,0
P2,TapNFlip,3,1,0
P2,TapNFlip,3,2,0
P2,TapNFlip,3,2,0
P2,TapNFlip,3,3,0
P2,TapNFlip,3,2,0
P2,TapNFlip,3,2,0
P2,TapNFlip,3,3,0
P2,TapNFlip,3,3,0
P2,TapNFlip,3,3,0
P2,TapNFlip,3,2,0
P2,TapNFlip,3,2,0
P2,TapNFlip,3,3,0
P2,TapNFlip,3,3,0
P2,TapNFlip,3,2,0
P2,TapNFlip,3,2,0
P2,RuntimeBar,2,1,0
P2,RuntimeBar,2,2,0
P2,RuntimeBar,2,2,0
P2,RuntimeBar,2,3,0
P2,RuntimeBar,2,3,0
P2,RuntimeBar,2,3,0
P2,RuntimeBar,2,3,0
P2,RuntimeBar,2,3,0
P2,RuntimeBar,2,0,0
P2,RuntimeBar,2,2,0
P2,RuntimeBar,2,0,0
P2,RuntimeBar,2,0,0
P2,RuntimeBar,2,2,0
P2,RuntimeBar,2,2,0
P2,RuntimeBar,2,2,0
P2,RuntimeBar,2,2,0
P2,RuntimeBar,2,1,0
P2,RuntimeBar,2,1,0
P2,TapNFlip,2,1,0
P2,TapNFlip,2,1,0
P2,TapNFlip,2,1,0
P2,TapNFlip,2,2,0
P2,TapNFlip,2,2,0
P2,TapNFlip,2,1,0
P2,TapNFlip,2,1,0
P2,TapNFlip,2,1,0
P2,TapNFlip,2,1,0
P2,TapNFlip,2,2,0
P2,TapNFlip,2,2,0
P2,TapNFlip,2,0,0
P2,TapNFlip,2,2,0
P2,TapNFlip,2,2,0
P2,TapNFlip,2,2,0
P2,TapNFlip,2,1,0
P2,TapNFlip,2,1,0
P2,TapNFlip,2,3,0
P2,RuntimeBar,3,2,0
P2,RuntimeBar,3,2,0
P2,RuntimeBar,3,2,0
P2,RuntimeBar,3,0,0
P2,RuntimeBar,3,3,0
P2,RuntimeBar,3,1,0
P2,RuntimeBar,3,0,0
P2,RuntimeBar,3,0,0
P2,RuntimeBar,3,1,0
P2,RuntimeBar,3,0,0
P2,RuntimeBar,3,2,0
P2,RuntimeBar,3,2,0
P2,RuntimeBar,3,3,0
P2,RuntimeBar,3,1,0
P2,RuntimeBar,3,3,0
P2,RuntimeBar,3,2,0
P2,RuntimeBar,3,1,0
P2,RuntimeBar,3,2,0
P2,TapNFlip,1,0,0
P2,TapNFlip,1,0,0
P2,TapNFlip,1,0,0
P2,TapNFlip,1,2,0
P2,TapNFlip,1,2,0
P2,TapNFlip,1,2,0
P2,TapNFlip,1,1,0
P2,TapNFlip,1,1,0
P2,TapNFlip,1,1,0
P2,TapNFlip,1,1,0
P2,TapNFlip,1,1,0
P2,TapNFlip,1,1,0
P2,TapNFlip,1,2,0
P2,TapNFlip,1,2,0
P2,TapNFlip,1,2,0
P2,TapNFlip,1,0,0
P2,TapNFlip,1,0,0
P2,TapNFlip,1,0,0
P2,Flipping,1,0,0
P2,Flipping,1,0,0
P2,Flipping,1,0,0
P2,Flipping,1,0,0
P2,Flipping,1,0,0
P2,Flipping,1,0,0
P2,Flipping,1,0,0
P2,Flipping,1,0,1
P2,Flipping,1,0,0
P2,Flipping,1,3,0
P2,Flipping,1,3,0
P2,Flipping,1,3,0
P2,Flipping,1,2,0
P2,Flipping,1,2,0
P2,Flipping,1,2,0
P2,Flipping,1,3,0
P2,Flipping,1,3,0
P2,Flipping,1,3,0
P2,Flipping,3,3,0
P2,Flipping,3,2,0
P2,Flipping,3,3,0
P2,Flipping,3,3,0
P2,Flipping,3,3,0
P2,Flipping,3,0,0
P2,Flipping,3,2,0
P2,Flipping,3,1,0
P2,Flipping,3,2,0
P2,Flipping,3,0,0
P2,Flipping,3,3,0
P2,Flipping,3,0,0
P2,Flipping,3,0,0
P2,Flipping,3,1,0
P2,Flipping,3,0,0
P2,Flipping,3,3,0
P2,Flipping,3,3,0
P2,Flipping,3,3,0
P2,Flipping,2,2,0
P2,Flipping,2,2,0
P2,Flipping,2,0,0
P2,Flipping,2,0,0
P2,Flipping,2,0,0
P2,Flipping,2,0,0
P2,Flipping,2,1,0
P2,Flipping,2,0,0
P2,Flipping,2,0,0
P2,Flipping,2,2,0
P2,Flipping,2,0,0
P2,Flipping,2,2,0
P2,Flipping,2,2,0
P2,Flipping,2,2,0
P2,Flipping,2,3,0
P2,Flipping,2,1,0
P2,Flipping,2,1,0
P2,Flipping,2,2,0
P3,Home,3,3,0
P3,Home,3,0,0
P3,Home,3,3,0
P3,Home,3,3,0
P3,Home,3,3,0
P3,Home,3,0,0
P3,Home,3,1,0
P3,Home,3,2,0
P3,Home,3,2,0
P3,Home,3,3,0
P3,Home,3,3,0
P3,Home,3,1,0
P3,Home,3,3,0
P3,Home,3,3,1
P3,Home,3,0,0
P3,Home,3,2,0
P3,Home,3,2,0
P3,Home,3,2,0
P3,RuntimeBar,1,1,0
P3,RuntimeBar,1,1,0
P3,RuntimeBar,1,1,0
P3,RuntimeBar,1,2,0
P3,RuntimeBar,1,2,1
P3,RuntimeBar,1,2,0
P3,RuntimeBar,1,1,0
P3,RuntimeBar,1,1,0
P3,RuntimeBar,1,1,0
P3,RuntimeBar,1,0,0
P3,RuntimeBar,1,0,0
P3,RuntimeBar,1,0,0
P3,RuntimeBar,1,2,0
P3,RuntimeBar,1,2,0
P3,RuntimeBar,1,2,0
P3,RuntimeBar,1,3,0
P3,RuntimeBar,1,3,0
P3,RuntimeBar,1,3,0
P3,Home,2,0,0
P3,Home,2,1,0
P3,Home,2,0,0
P3,Home,2,3,0
P3,Home,2,3,0
P3,Home,2,3,0
P3,Home,2,2,0
P3,Home,2,2,0
P3,Home,2,2,0
P3,Home,2,1,0
P3,Home,2,0,0
P3,Home,2,0,0
P3,Home,2,0,0
P3,Home,2,3,0
P3,Home,2,0,0
P3,Home,2,1,0
P3,Home,2,0,0
P3,Home,2,0,0
P3,RuntimeBar,2,2,0
P3,RuntimeBar,2,2,0
P3,RuntimeBar,2,1,0
P3,RuntimeBar,2,1,0
P3,RuntimeBar,2,1,0
P3,RuntimeBar,2,1,0
P3,RuntimeBar,2,1,0
P3,RuntimeBar,2,2,0
P3,RuntimeBar,2,2,0
P3,RuntimeBar,2,3,0
P3,RuntimeBar,2,3,0
P3,RuntimeBar,2,3,0
P3,RuntimeBar,2,3,0
P3,RuntimeBar,2,3,0
P3,RuntimeBar,2,3,0
P3,RuntimeBar,2,3,0
P3,RuntimeBar,2,3,0
P3,RuntimeBar,2,2,0
P3,Home,1,0,0
P3,Home,1,0,0
P3,Home,1,0,0
P3,Home,1,0,0
P3,Home,1,0,0
P3,Home,1,0,0
P3,Home,1,1,0
P3,Home,1,1,0
P3,Home,1,1,0
P3,Home,1,0,0
P3,Home,1,0,0
P3,Home,1,0,0
P3,Home,1,3,0
P3,Home,1,3,0
P3,Home,1,3,0
P3,Home,1,0,0
P3,Home,1,0,0
P3,Home,1,0,0
P3,RuntimeBar,3,0,0
P3,RuntimeBar,3,3,0
P3,RuntimeBar,3,0,0
P3,RuntimeBar,3,1,0
P3,RuntimeBar,3,3,0
P3,RuntimeBar,3,3,0
P3,RuntimeBar,3,1,0
P3,RuntimeBar,3,0,0
P3,RuntimeBar,3,1,0
P3,RuntimeBar,3,1,0
P3,RuntimeBar,3,1,0
P3,RuntimeBar,3,1,0
P3,RuntimeBar,3,1,0
P3,RuntimeBar,3,1,0
P3,RuntimeBar,3,1,0
P3,RuntimeBar,3,1,0
P3,RuntimeBar,3,0,0
P3,RuntimeBar,3,1,0
P3,TapNFlip,3,0,0
P3,TapNFlip,3,1,0
P3,TapNFlip,3,0,0
P3,TapNFlip,3,1,0
P3,TapNFlip,3,3,0
P3,TapNFlip,3,0,0
P3,TapNFlip,3,1,0
P3,TapNFlip,3,2,0
P3,TapNFlip,3,1,0
P3,TapNFlip,3,0,0
P3,TapNFlip,3,0,0
P3,TapNFlip,3,3,0
P3,TapNFlip,3,3,0
P3,TapNFlip,3,3,0
P3,TapNFlip,3,0,0
P3,TapNFlip,3,3,0
P3,TapNFlip,3,1,0
P3,TapNFlip,3,3,0
P3,Flipping,1,1,0
P3,Flipping,1,1,0
P3,Flipping,1,1,0
P3,Flipping,1,2,0
P3,Flipping,1,2,0
P3,Flipping,1,2,0
P3,Flipping,1,2,0
P3,Flipping,1,2,0
P3,Flipping,1,2,0
P3,Flipping,1,2,0
P3,Flipping,1,2,0
P3,Flipping,1,2,0
P3,Flipping,1,0,0
P3,Flipping,1,0,0
P3,Flipping,1,0,0
P3,Flipping,1,2,0
P3,Flipping,1,2,0
P3,Flipping,1,2,0
P3,TapNFlip,2,0,0
P3,TapNFlip,2,0,0
P3,TapNFlip,2,0,0
P3,TapNFlip,2,1,0
P3,TapNFlip,2,1,0
P3,TapNFlip,2,1,0
P3,TapNFlip,2,0,0
P3,TapNFlip,2,0,0
P3,TapNFlip,2,0,0
P3,TapNFlip,2,2,0
P3,TapNFlip,2,0,0
P3,TapNFlip,2,0,0
P3,TapNFlip,2,2,0
P3,TapNFlip,2,1,0
P3,TapNFlip,2,2,0
P3,TapNFlip,2,3,0
P3,TapNFlip,2,3,0
P3,TapNFlip,2,3,0
P3,Flipping,2,0,0
P3,Flipping,2,0,0
P3,Flipping,2,0,0
P3,Flipping,2,0,0
P3,Flipping,2,0,0
P3,Flipping,2,0,0
P3,Flipping,2,3,0
P3,Flipping,2,3,0
P3,Flipping,2,3,0
P3,Flipping,2,0,0
P3,Flipping,2,0,0
P3,Flipping,2,0,0
P3,Flipping,2,0,0
P3,Flipping,2,0,0
P3,Flipping,2,1,0
P3,Flipping,2,1,0
P3,Flipping,2,1,0
P3,Flipping,2,1,0
P3,TapNFlip,1,3,0
P3,TapNFlip,1,3,0
P3,TapNFlip,1,3,0
P3,TapNFlip,1,2,0
P3,TapNFlip,1,2,0
P3,TapNFlip,1,2,0
P3,TapNFlip,1,2,0
P3,TapNFlip,1,2,0
P3,TapNFlip,1,2,0
P3,TapNFlip,1,3,0
P3,TapNFlip,1,3,0
P3,TapNFlip,1,3,0
P3,TapNFlip,1,2,0
P3,TapNFlip,1,2,0
P3,TapNFlip,1,2,0
P3,TapNFlip,1,3,0
P3,TapNFlip,1,3,0
P3,TapNFlip,1,3,0
P3,Flipping,3,0,0
P3,Flipping,3,1,0
P3,Flipping,3,1,0
P3,Flipping,3,1,0
P3,Flipping,3,1,0
P3,Flipping,3,1,0
P3,Flipping,3,3,0
P3,Flipping,3,3,0
P3,Flipping,3,0,0
P3,Flipping,3,0,0
P3,Flipping,3,1,0
P3,Flipping,3,1,0
P3,Flipping,3,1,0
P3,Flipping,3,0,0
P3,Flipping,3,0,0
P3,Flipping,3,0,0
P3,Flipping,3,0,0
P3,Flipping,3,3,0
P4,RuntimeBar,1,2,0
P4,RuntimeBar,1,2,0
P4,RuntimeBar,1,2,0
P4,RuntimeBar,1,2,0
P4,RuntimeBar,1,2,0
P4,RuntimeBar,1,2,0
P4,RuntimeBar,1,2,0
P4,RuntimeBar,1,2,0
P4,RuntimeBar,1,2,0
P4,RuntimeBar,1,1,0
P4,RuntimeBar,1,1,0
P4,RuntimeBar,1,1,0
P4,RuntimeBar,1,1,0
P4,RuntimeBar,1,1,0
P4,RuntimeBar,1,1,0
P4,RuntimeBar,1,3,0
P4,RuntimeBar,1,3,0
P4,RuntimeBar,1,3,0
P4,RuntimeBar,2,1,0
P4,RuntimeBar,2,1,0
P4,RuntimeBar,2,1,0
P4,RuntimeBar,2,1,0
P4,RuntimeBar,2,3,0
P4,RuntimeBar,2,3,0
P4,RuntimeBar,2,0,0
P4,RuntimeBar,2,2,0
P4,RuntimeBar,2,2,0
P4,RuntimeBar,2,1,0
P4,RuntimeBar,2,0,0
P4,RuntimeBar,2,0,0
P4,RuntimeBar,2,3,0
P4,RuntimeBar,2,1,0
P4,RuntimeBar,2,1,0
P4,RuntimeBar,2,0,0
P4,RuntimeBar,2,0,1
P4,RuntimeBar,2,0,0
P4,Home,3,3,0
P4,Home,3,2,0
P4,Home,3,0,0
P4,Home,3,1,0
P4,Home,3,2,0
P4,Home,3,2,0
P4,Home,3,0,0
P4,Home,3,3,0
P4,Home,3,3,0
P4,Home,3,1,0
P4,Home,3,0,0
P4,Home,3,2,0
P4,Home,3,3,0
P4,Home,3,3,0
P4,Home,3,0,0
P4,Home,3,3,0
P4,Home,3,1,0
P4,Home,3,1,0
P4,RuntimeBar,3,1,0
P4,RuntimeBar,3,0,0
P4,RuntimeBar,3,1,0
P4,RuntimeBar,3,0,0
P4,RuntimeBar,3,2,0
P4,RuntimeBar,3,0,0
P4,RuntimeBar,3,3,0
P4,RuntimeBar,3,3,0
P4,RuntimeBar,3,3,0
P4,RuntimeBar,3,1,0
P4,RuntimeBar,3,1,0
P4,RuntimeBar,3,2,0
P4,RuntimeBar,3,3,0
P4,RuntimeBar,3,1,0
P4,RuntimeBar,3,1,0
P4,RuntimeBar,3,1,0
P4,RuntimeBar,3,1,0
P4,RuntimeBar,3,1,0
P4,Home,2,2,0
P4,Home,2,3,0
P4,Home,2,3,0
P4,Home,2,1,0
P4,Home,2,1,0
P4,Home,2,1,0
P4,Home,2,3,0
P4,Home,2,2,0
P4,Home,2,2,0
P4,Home,2,2,0
P4,Home,2,2,0
P4,Home,2,2,0
P4,Home,2,2,0
P4,Home,2,1,0
P4,Home,2,2,0
P4,Home,2,3,0
P4,Home,2,3,0
P4,Home,2,3,0
P4,Flipping,1,1,0
P4,Flipping,1,1,0
P4,Flipping,1,1,0
P4,Flipping,1,1,0
P4,Flipping,1,1,0
P4,Flipping,1,1,0
P4,Flipping,1,0,0
P4,Flipping,1,0,0
P4,Flipping,1,0,0
P4,Flipping,1,2,0
P4,Flipping,1,2,0
P4,Flipping,1,2,0
P4,Flipping,1,0,0
P4,Flipping,1,0,0
P4,Flipping,1,0,0
P4,Flipping,1,3,0
P4,Flipping,1,3,0
P4,Flipping,1,3,0
P4,Home,1,2,0
P4,Home,1,2,0
P4,Home,1,2,0
P4,Home,1,2,0
P4,Home,1,2,0
P4,Home,1,2,0
P4,Home,1,2,0
P4,Home,1,2,0
P4,Home,1,2,0
P4,Home,1,0,0
P4,Home,1,0,0
P4,Home,1,0,0
P4,Home,1,2,0
P4,Home,1,2,0
P4,Home,1,2,0
P4,Home,1,3,0
P4,Home,1,3,0
P4,Home,1,3,0
P4,Flipping,2,0,0
P4,Flipping,2,0,0
P4,Flipping,2,0,1
P4,Flipping,2,2,0
P4,Flipping,2,2,0
P4,Flipping,2,2,0
P4,Flipping,2,0,0
P4,Flipping,2,0,0
P4,Flipping,2,2,0
P4,Flipping,2,1,0
P4,Flipping,2,1,0
P4,Flipping,2,1,0
P4,Flipping,2,0,0
P4,Flipping,2,0,0
P4,Flipping,2,0,0
P4,Flipping,2,2,0
P4,Flipping,2,0,0
P4,Flipping,2,2,0
P4,TapNFlip,3,0,0
P4,TapNFlip,3,3,0
P4,TapNFlip,3,0,0
P4,TapNFlip,3,2,0
P4,TapNFlip,3,1,0
P4,TapNFlip,3,1,0
P4,TapNFlip,3,1,0
P4,TapNFlip,3,1,0
P4,TapNFlip,3,1,0
P4,TapNFlip,3,1,0
P4,TapNFlip,3,3,0
P4,TapNFlip,3,2,0
P4,TapNFlip,3,2,0
P4,TapNFlip,3,1,0
P4,TapNFlip,3,2,0
P4,TapNFlip,3,2,0
P4,TapNFlip,3,2,0
P4,TapNFlip,3,2,0
P4,Flipping,3,3,0
P4,Flipping,3,2,0
P4,Flipping,3,2,0
P4,Flipping,3,2,0
P4,Flipping,3,3,0
P4,Flipping,3,3,0
P4,Flipping,3,1,0
P4,Flipping,3,1,0
P4,Flipping,3,1,0
P4,Flipping,3,1,0
P4,Flipping,3,0,0
P4,Flipping,3,0,0
P4,Flipping,3,2,0
P4,Flipping,3,2,0
P4,Flipping,3,2,0
P4,Flipping,3,1,0
P4,Flipping,3,1,0
P4,Flipping,3,2,0
P4,TapNFlip,2,3,0
P4,TapNFlip,2,1,0
P4,TapNFlip,2,3,0
P4,TapNFlip,2,1,0
P4,TapNFlip,2,1,0
P4,TapNFlip,2,2,0
P4,TapNFlip,2,1,0
P4,TapNFlip,2,2,0
P4,TapNFlip,2,2,0
P4,TapNFlip,2,2,0
P4,TapNFlip,2,3,0
P4,TapNFlip,2,2,0
P4,TapNFlip,2,1,0
P4,TapNFlip,2,1,0
P4,TapNFlip,2,1,0
P4,TapNFlip,2,2,0
P4,TapNFlip,2,3,0
P4,TapNFlip,2,3,0
P4,TapNFlip,1,1,0
P4,TapNFlip,1,1,0
P4,TapNFlip,1,1,0
P4,TapNFlip,1,0,0
P4,TapNFlip,1,0,0
P4,TapNFlip,1,0,0
P4,TapNFlip,1,1,0
P4,TapNFlip,1,1,0
P4,TapNFlip,1,1,0
P4,TapNFlip,1,1,0
P4,TapNFlip,1,1,0
P4,TapNFlip,1,1,0
P4,TapNFlip,1,1,0
P4,TapNFlip,1,1,0
P4,TapNFlip,1,1,0
P4,TapNFlip,1,2,0
P4,TapNFlip,1,2,0
P4,TapNFlip,1,2,0
P5,RuntimeBar,2,2,0
P5,RuntimeBar,2,1,0
P5,RuntimeBar,2,2,0
P5,RuntimeBar,2,3,0
P5,RuntimeBar,2,3,0
P5,RuntimeBar,2,3,0
P5,RuntimeBar,2,2,0
P5,RuntimeBar,2,0,0
P5,RuntimeBar,2,0,0
P5,RuntimeBar,2,0,0
P5,RuntimeBar,2,3,0
P5,RuntimeBar,2,0,0
P5,RuntimeBar,2,2,0
P5,RuntimeBar,2,1,0
P5,RuntimeBar,2,1,1
P5,RuntimeBar,2,0,0
P5,RuntimeBar,2,0,0
P5,RuntimeBar,2,0,0
P5,RuntimeBar,3,3,0
P5,RuntimeBar,3,3,0
P5,RuntimeBar,3,0,0
P5,RuntimeBar,3,0,0
P5,RuntimeBar,3,1,0
P5,RuntimeBar,3,3,0
P5,RuntimeBar,3,2,0
P5,RuntimeBar,3,2,0
P5,RuntimeBar,3,2,0
P5,RuntimeBar,3,0,0
P5,RuntimeBar,3,3,0
P5,RuntimeBar,3,1,0
P5,RuntimeBar,3,0,0
P5,RuntimeBar,3,1,0
P5,RuntimeBar,3,1,0
P5,RuntimeBar,3,0,0
P5,RuntimeBar,3,0,0
P5,RuntimeBar,3,0,0
P5,RuntimeBar,1,1,0
P5,RuntimeBar,1,1,0
P5,RuntimeBar,1,1,0
P5,RuntimeBar,1,3,0
P5,RuntimeBar,1,3,0
P5,RuntimeBar,1,3,0
P5,RuntimeBar,1,0,0
P5,RuntimeBar,1,0,0
P5,RuntimeBar,1,0,0
P5,RuntimeBar,1,3,0
P5,RuntimeBar,1,3,1
P5,RuntimeBar,1,3,1
P5,RuntimeBar,1,2,0
P5,RuntimeBar,1,2,0
P5,RuntimeBar,1,2,0
P5,RuntimeBar,1,2,0
P5,RuntimeBar,1,2,0
P5,RuntimeBar,1,2,0
P5,Flipping,1,2,0
P5,Flipping,1,2,0
P5,Flipping,1,2,0
P5,Flipping,1,3,0
P5,Flipping,1,3,0
P5,Flipping,1,3,0
P5,Flipping,1,1,0
P5,Flipping,1,1,0
P5,Flipping,1,1,0
P5,Flipping,1,0,0
P5,Flipping,1,0,0
P5,Flipping,1,0,0
P5,Flipping,1,2,0
P5,Flipping,1,2,0
P5,Flipping,1,2,0
P5,Flipping,1,3,0
P5,Flipping,1,3,0
P5,Flipping,1,3,0
P5,Home,3,2,0
P5,Home,3,2,0
P5,Home,3,0,0
P5,Home,3,1,0
P5,Home,3,2,0
P5,Home,3,2,0
P5,Home,3,3,0
P5,Home,3,2,0
P5,Home,3,3,0
P5,Home,3,0,2
P5,Home,3,0,0
P5,Home,3,0,0
P5,Home,3,1,0
P5,Home,3,1,0
P5,Home,3,0,0
P5,Home,3,1,0
P5,Home,3,3,0
P5,Home,3,3,0
P5,Flipping,2,3,0
P5,Flipping,2,3,0
P5,Flipping,2,3,0
P5,Flipping,2,0,0
P5,Flipping,2,1,0
P5,Flipping,2,0,0
P5,Flipping,2,3,1
P5,Flipping,2,3,0
P5,Flipping,2,3,0
P5,Flipping,2,0,0
P5,Flipping,2,2,0
P5,Flipping,2,0,0
P5,Flipping,2,0,0
P5,Flipping,2,0,0
P5,Flipping,2,0,0
P5,Flipping,2,1,0
P5,Flipping,2,0,0
P5,Flipping,2,0,0
P5,Home,2,2,0
P5,Home,2,2,0
P5,Home,2,0,0
P5,Home,2,0,0
P5,Home,2,0,0
P5,Home,2,1,0
P5,Home,2,3,0
P5,Home,2,1,0
P5,Home,2,1,0
P5,Home,2,0,0
P5,Home,2,0,0
P5,Home,2,0,0
P5,Home,2,2,0
P5,Home,2,1,0
P5,Home,2,1,0
P5,Home,2,1,0
P5,Home,2,1,0
P5,Home,2,3,0
P5,Flipping,3,1,0
P5,Flipping,3,1,0
P5,Flipping,3,1,0
P5,Flipping,3,2,0
P5,Flipping,3,3,0
P5,Flipping,3,3,0
P5,Flipping,3,1,0
P5,Flipping,3,3,0
P5,Flipping,3,1,0
P5,Flipping,3,2,0
P5,Flipping,3,3,0
P5,Flipping,3,2,0
P5,Flipping,3,3,0
P5,Flipping,3,1,0
P5,Flipping,3,1,0
P5,Flipping,3,2,0
P5,Flipping,3,3,0
P5,Flipping,3,2,0
P5,Home,1,1,0
P5,Home,1,1,0
P5,Home,1,1,0
P5,Home,1,2,0
P5,Home,1,2,0
P5,Home,1,2,0
P5,Home,1,0,0
P5,Home,1,0,0
P5,Home,1,0,0
P5,Home,1,1,0
P5,Home,1,1,0
P5,Home,1,1,0
P5,Home,1,0,0
P5,Home,1,0,0
P5,Home,1,0,0
P5,Home,1,2,0
P5,Home,1,2,0
P5,Home,1,2,0
P5,TapNFlip,1,3,0
P5,TapNFlip,1,3,0
P5,TapNFlip,1,3,0
P5,TapNFlip,1,0,0
P5,TapNFlip,1,0,0
P5,TapNFlip,1,0,0
P5,TapNFlip,1,0,0
P5,TapNFlip,1,0,0
P5,TapNFlip,1,0,0
P5,TapNFlip,1,0,0
P5,TapNFlip,1,0,0
P5,TapNFlip,1,0,0
P5,TapNFlip,1,2,0
P5,TapNFlip,1,2,0
P5,TapNFlip,1,2,0
P5,TapNFlip,1,3,0
P5,TapNFlip,1,3,0
P5,TapNFlip,1,3,0
P5,TapNFlip,3,1,0
P5,TapNFlip,3,3,0
P5,TapNFlip,3,1,0
P5,TapNFlip,3,3,0
P5,TapNFlip,3,1,0
P5,TapNFlip,3,2,0
P5,TapNFlip,3,1,0
P5,TapNFlip,3,1,0
P5,TapNFlip,3,1,0
P5,TapNFlip,3,2,0
P5,TapNFlip,3,2,0
P5,TapNFlip,3,2,0
P5,TapNFlip,3,0,0
P5,TapNFlip,3,3,0
P5,TapNFlip,3,1,0
P5,TapNFlip,3,1,0
P5,TapNFlip,3,2,0
P5,TapNFlip,3,3,0
P5,TapNFlip,2,0,0
P5,TapNFlip,2,0,0
P5,TapNFlip,2,0,0
P5,TapNFlip,2,0,0
P5,TapNFlip,2,0,0
P5,TapNFlip,2,3,0
P5,TapNFlip,2,1,0
P5,TapNFlip,2,1,0
P5,TapNFlip,2,1,0
P5,TapNFlip,2,2,0
P5,TapNFlip,2,2,0
P5,TapNFlip,2,2,0
P5,TapNFlip,2,1,0
P5,TapNFlip,2,1,0
P5,TapNFlip,2,2,0
P5,TapNFlip,2,3,0
P5,TapNFlip,2,3,0
P5,TapNFlip,2,3,0
P6,RuntimeBar,3,2,0
P6,RuntimeBar,3,0,0
P6,RuntimeBar,3,2,0
P6,RuntimeBar,3,3,0
P6,RuntimeBar,3,1,0
P6,RuntimeBar,3,1,0
P6,RuntimeBar,3,2,0
P6,RuntimeBar,3,2,0
P6,RuntimeBar,3,2,0
P6,RuntimeBar,3,3,0
P6,RuntimeBar,3,3,0
P6,RuntimeBar,3,1,0
P6,RuntimeBar,3,2,0
P6,RuntimeBar,3,0,0
P6,RuntimeBar,3,2,0
P6,RuntimeBar,3,1,0
P6,RuntimeBar,3,1,0
P6,RuntimeBar,3,1,0
P6,Flipping,1,2,0
P6,Flipping,1,2,0
P6,Flipping,1,2,0
P6,Flipping,1,3,0
P6,Flipping,1,3,0
P6,Flipping,1,3,0
P6,Flipping,1,1,0
P6,Flipping,1,1,0
P6,Flipping,1,1,1
P6,Flipping,1,0,0
P6,Flipping,1,0,0
P6,Flipping,1,0,0
P6,Flipping,1,1,0
P6,Flipping,1,1,0
P6,Flipping,1,1,0
P6,Flipping,1,2,0
P6,Flipping,1,2,0
P6,Flipping,1,2,0
P6,RuntimeBar,2,0,0
P6,RuntimeBar,2,0,0
P6,RuntimeBar,2,1,0
P6,RuntimeBar,2,2,0
P6,RuntimeBar,2,2,0
P6,RuntimeBar,2,2,0
P6,RuntimeBar,2,3,0
P6,RuntimeBar,2,3,0
P6,RuntimeBar,2,3,0
P6,RuntimeBar,2,1,0
P6,RuntimeBar,2,3,0
P6,RuntimeBar,2,1,0
P6,RuntimeBar,2,1,0
P6,RuntimeBar,2,1,0
P6,RuntimeBar,2,1,0
P6,RuntimeBar,2,2,0
P6,RuntimeBar,2,2,0
P6,RuntimeBar,2,2,0
P6,Flipping,2,3,0
P6,Flipping,2,1,0
P6,Flipping,2,1,0
P6,Flipping,2,1,0
P6,Flipping,2,2,0
P6,Flipping,2,2,0
P6,Flipping,2,2,0
P6,Flipping,2,2,0
P6,Flipping,2,3,0
P6,Flipping,2,1,0
P6,Flipping,2,1,0
P6,Flipping,2,1,0
P6,Flipping,2,1,0
P6,Flipping,2,0,0
P6,Flipping,2,1,0
P6,Flipping,2,3,0
P6,Flipping,2,3,0
P6,Flipping,2,0,0
P6,RuntimeBar,1,3,0
P6,RuntimeBar,1,3,0
P6,RuntimeBar,1,3,0
P6,RuntimeBar,1,0,0
P6,RuntimeBar,1,0,0
P6,RuntimeBar,1,0,0
P6,RuntimeBar,1,3,0
P6,RuntimeBar,1,3,0
P6,RuntimeBar,1,3,0
P6,RuntimeBar,1,3,0
P6,RuntimeBar,1,3,0
P6,RuntimeBar,1,3,0
P6,RuntimeBar,1,3,0
P6,RuntimeBar,1,3,0
P6,RuntimeBar,1,3,0
P6,RuntimeBar,1,2,0
P6,RuntimeBar,1,2,0
P6,RuntimeBar,1,2,0
P6,Flipping,3,2,0
P6,Flipping,3,1,0
P6,Flipping,3,1,0
P6,Flipping,3,3,0
P6,Flipping,3,3,0
P6,Flipping,3,3,0
P6,Flipping,3,3,0
P6,Flipping,3,3,0
P6,Flipping,3,3,0
P6,Flipping,3,1,0
P6,Flipping,3,1,0
P6,Flipping,3,1,0
P6,Flipping,3,0,0
P6,Flipping,3,3,0
P6,Flipping,3,1,0
P6,Flipping,3,2,0
P6,Flipping,3,1,0
P6,Flipping,3,1,0
P6,Home,3,1,0
P6,Home,3,1,0
P6,Home,3,1,0
P6,Home,3,3,0
P6,Home,3,1,0
P6,Home,3,2,0
P6,Home,3,1,0
P6,Home,3,1,0
P6,Home,3,0,0
P6,Home,3,3,0
P6,Home,3,2,0
P6,Home,3,2,0
P6,Home,3,0,0
P6,Home,3,2,0
P6,Home,3,0,0
P6,Home,3,3,0
P6,Home,3,0,0
P6,Home,3,3,0
P6,TapNFlip,1,0,0
P6,TapNFlip,1,0,0
P6,TapNFlip,1,0,0
P6,TapNFlip,1,2,0
P6,TapNFlip,1,2,0
P6,TapNFlip,1,2,0
P6,TapNFlip,1,0,0
P6,TapNFlip,1,0,0
P6,TapNFlip,1,0,0
P6,TapNFlip,1,1,0
P6,TapNFlip,1,1,0
P6,TapNFlip,1,1,0
P6,TapNFlip,1,1,0
P6,TapNFlip,1,1,0
P6,TapNFlip,1,1,0
P6,TapNFlip,1,0,0
P6,TapNFlip,1,0,0
P6,TapNFlip,1,0,0
P6,Home,2,1,0
P6,Home,2,1,0
P6,Home,2,1,0
P6,Home,2,3,0
P6,Home,2,3,0
P6,Home,2,0,0
P6,Home,2,3,0
P6,Home,2,3,0
P6,Home,2,3,0
P6,Home,2,1,0
P6,Home,2,1,0
P6,Home,2,0,0
P6,Home,2,1,0
P6,Home,2,1,0
P6,Home,2,3,0
P6,Home,2,3,0
P6,Home,2,3,0
P6,Home,2,3,0
P6,TapNFlip,2,1,0
P6,TapNFlip,2,1,0
P6,TapNFlip,2,3,0
P6,TapNFlip,2,2,0
P6,TapNFlip,2,2,0
P6,TapNFlip,2,3,0
P6,TapNFlip,2,3,0
P6,TapNFlip,2,3,0
P6,TapNFlip,2,3,0
P6,TapNFlip,2,2,0
P6,TapNFlip,2,2,0
P6,TapNFlip,2,2,0
P6,TapNFlip,2,3,0
P6,TapNFlip,2,3,0
P6,TapNFlip,2,0,0
P6,TapNFlip,2,1,0
P6,TapNFlip,2,1,0
P6,TapNFlip,2,1,0
P6,Home,1,2,0
P6,Home,1,2,0
P6,Home,1,2,0
P6,Home,1,1,0
P6,Home,1,1,0
P6,Home,1,1,0
P6,Home,1,0,0
P6,Home,1,0,0
P6,Home,1,0,0
P6,Home,1,3,0
P6,Home,1,3,0
P6,Home,1,3,0
P6,Home,1,3,0
P6,Home,1,3,0
P6,Home,1,3,0
P6,Home,1,2,0
P6,Home,1,2,0
P6,Home,1,2,0
P6,TapNFlip,3,2,0
P6,TapNFlip,3,3,0
P6,TapNFlip,3,0,0
P6,TapNFlip,3,0,0
P6,TapNFlip,3,0,0
P6,TapNFlip,3,1,0
P6,TapNFlip,3,3,0
P6,TapNFlip,3,1,0
P6,TapNFlip,3,3,0
P6,TapNFlip,3,1,0
P6,TapNFlip,3,1,0
P6,TapNFlip,3,1,0
P6,TapNFlip,3,3,0
P6,TapNFlip,3,2,0
P6,TapNFlip,3,2,0
P6,TapNFlip,3,3,0
P6,TapNFlip,3,1,0
P6,TapNFlip,3,2,0
P7,Flipping,1,0,0
P7,Flipping,1,0,0
P7,Flipping,1,0,0
P7,Flipping,1,2,0
P7,Flipping,1,2,0
P7,Flipping,1,2,0
P7,Flipping,1,1,0
P7,Flipping,1,1,0
P7,Flipping,1,1,0
P7,Flipping,1,3,0
P7,Flipping,1,3,0
P7,Flipping,1,3,0
P7,Flipping,1,1,0
P7,Flipping,1,1,0
P7,Flipping,1,1,0
P7,Flipping,1,1,0
P7,Flipping,1,1,0
P7,Flipping,1,1,0
P7,Flipping,2,0,0
P7,Flipping,2,1,0
P7,Flipping,2,0,0
P7,Flipping,2,2,0
P7,Flipping,2,2,0
P7,Flipping,2,2,0
P7,Flipping,2,1,0
P7,Flipping,2,1,0
P7,Flipping,2,1,0
P7,Flipping,2,1,0
P7,Flipping,2,1,0
P7,Flipping,2,1,0
P7,Flipping,2,1,0
P7,Flipping,2,1,0
P7,Flipping,2,1,0
P7,Flipping,2,3,0
P7,Flipping,2,3,0
P7,Flipping,2,3,0
P7,RuntimeBar,3,1,0
P7,RuntimeBar,3,1,0
P7,RuntimeBar,3,2,0
P7,RuntimeBar,3,1,0
P7,RuntimeBar,3,2,0
P7,RuntimeBar,3,2,0
P7,RuntimeBar,3,0,0
P7,RuntimeBar,3,1,0
P7,RuntimeBar,3,1,0
P7,RuntimeBar,3,0,0
P7,RuntimeBar,3,0,0
P7,RuntimeBar,3,2,0
P7,RuntimeBar,3,0,0
P7,RuntimeBar,3,0,0
P7,RuntimeBar,3,0,0
P7,RuntimeBar,3,0,0
P7,RuntimeBar,3,3,0
P7,RuntimeBar,3,0,0
P7,Flipping,3,1,0
P7,Flipping,3,2,0
P7,Flipping,3,2,0
P7,Flipping,3,0,0
P7,Flipping,3,2,0
P7,Flipping,3,0,0
P7,Flipping,3,1,0
P7,Flipping,3,2,0
P7,Flipping,3,0,0
P7,Flipping,3,0,0
P7,Flipping,3,2,0
P7,Flipping,3,2,0
P7,Flipping,3,1,0
P7,Flipping,3,1,0
P7,Flipping,3,1,0
P7,Flipping,3,1,0
P7,Flipping,3,2,0
P7,Flipping,3,2,0
P7,RuntimeBar,2,2,0
P7,RuntimeBar,2,3,0
P7,RuntimeBar,2,3,0
P7,RuntimeBar,2,2,0
P7,RuntimeBar,2,2,0
P7,RuntimeBar,2,2,0
P7,RuntimeBar,2,3,0
P7,RuntimeBar,2,3,0
P7,RuntimeBar,2,0,0
P7,RuntimeBar,2,0,0
P7,RuntimeBar,2,2,0
P7,RuntimeBar,2,2,0
P7,RuntimeBar,2,2,0
P7,RuntimeBar,2,2,0
P7,RuntimeBar,2,1,0
P7,RuntimeBar,2,3,0
P7,RuntimeBar,2,0,0
P7,RuntimeBar,2,3,0
P7,TapNFlip,1,2,0
P7,TapNFlip,1,2,0
P7,TapNFlip,1,2,0
P7,TapNFlip,1,3,0
P7,TapNFlip,1,3,0
P7,TapNFlip,1,3,0
P7,TapNFlip,1,1,0
P7,TapNFlip,1,1,0
P7,TapNFlip,1,1,0
P7,TapNFlip,1,2,0
P7,TapNFlip,1,2,0
P7,TapNFlip,1,2,0
P7,TapNFlip,1,1,0
P7,TapNFlip,1,1,0
P7,TapNFlip,1,1,0
P7,TapNFlip,1,2,0
P7,TapNFlip,1,2,0
P7,TapNFlip,1,2,0
P7,RuntimeBar,1,0,0
P7,RuntimeBar,1,0,0
P7,RuntimeBar,1,0,0
P7,RuntimeBar,1,0,0
P7,RuntimeBar,1,0,0
P7,RuntimeBar,1,0,0
P7,RuntimeBar,1,1,0
P7,RuntimeBar,1,1,0
P7,RuntimeBar,1,1,0
P7,RuntimeBar,1,2,0
P7,RuntimeBar,1,2,0
P7,RuntimeBar,1,2,0
P7,RuntimeBar,1,0,0
P7,RuntimeBar,1,0,0
P7,RuntimeBar,1,0,0
P7,RuntimeBar,1,1,0
P7,RuntimeBar,1,1,0
P7,RuntimeBar,1,1,0
P7,TapNFlip,2,2,0
P7,TapNFlip,2,0,0
P7,TapNFlip,2,2,0
P7,TapNFlip,2,2,0
P7,TapNFlip,2,2,0
P7,TapNFlip,2,1,0
P7,TapNFlip,2,3,0
P7,TapNFlip,2,3,0
P7,TapNFlip,2,3,0
P7,TapNFlip,2,1,0
P7,TapNFlip,2,2,0
P7,TapNFlip,2,2,0
P7,TapNFlip,2,2,0
P7,TapNFlip,2,2,0
P7,TapNFlip,2,0,0
P7,TapNFlip,2,0,0
P7,TapNFlip,2,1,0
P7,TapNFlip,2,0,0
P7,Home,3,0,0
P7,Home,3,0,0
P7,Home,3,0,0
P7,Home,3,0,0
P7,Home,3,3,0
P7,Home,3,0,0
P7,Home,3,2,0
P7,Home,3,2,0
P7,Home,3,1,0
P7,Home,3,2,0
P7,Home,3,2,0
P7,Home,3,2,0
P7,Home,3,1,0
P7,Home,3,0,0
P7,Home,3,2,0
P7,Home,3,0,0
P7,Home,3,2,0
P7,Home,3,0,0
P7,TapNFlip,3,0,0
P7,TapNFlip,3,1,0
P7,TapNFlip,3,2,0
P7,TapNFlip,3,0,0
P7,TapNFlip,3,0,0
P7,TapNFlip,3,2,0
P7,TapNFlip,3,3,0
P7,TapNFlip,3,3,0
P7,TapNFlip,3,0,0
P7,TapNFlip,3,0,0
P7,TapNFlip,3,3,0
P7,TapNFlip,3,3,0
P7,TapNFlip,3,1,0
P7,TapNFlip,3,0,0
P7,TapNFlip,3,2,0
P7,TapNFlip,3,1,0
P7,TapNFlip,3,1,0
P7,TapNFlip,3,1,0
P7,Home,2,2,0
P7,Home,2,1,0
P7,Home,2,2,0
P7,Home,2,2,0
P7,Home,2,0,0
P7,Home,2,2,0
P7,Home,2,3,0
P7,Home,2,0,0
P7,Home,2,3,0
P7,Home,2,2,0
P7,Home,2,2,0
P7,Home,2,0,0
P7,Home,2,3,0
P7,Home,2,3,0
P7,Home,2,3,0
P7,Home,2,2,0
P7,Home,2,0,0
P7,Home,2,2,0
P7,Home,1,2,0
P7,Home,1,2,0
P7,Home,1,2,0
P7,Home,1,1,0
P7,Home,1,1,0
P7,Home,1,1,0
P7,Home,1,1,0
P7,Home,1,1,0
P7,Home,1,1,0
P7,Home,1,0,0
P7,Home,1,0,0
P7,Home,1,0,0
P7,Home,1,2,0
P7,Home,1,2,0
P7,Home,1,2,0
P7,Home,1,3,0
P7,Home,1,3,0
P7,Home,1,3,0
P8,Flipping,2,0,0
P8,Flipping,2,0,0
P8,Flipping,2,0,0
P8,Flipping,2,1,0
P8,Flipping,2,3,0
P8,Flipping,2,1,0
P8,Flipping,2,0,0
P8,Flipping,2,2,0
P8,Flipping,2,2,1
P8,Flipping,2,3,0
P8,Flipping,2,1,0
P8,Flipping,2,1,0
P8,Flipping,2,0,0
P8,Flipping,2,0,0
P8,Flipping,2,1,0
P8,Flipping,2,3,0
P8,Flipping,2,3,0
P8,Flipping,2,3,0
P8,Flipping,3,3,0
P8,Flipping,3,0,0
P8,Flipping,3,3,0
P8,Flipping,3,0,0
P8,Flipping,3,2,0
P8,Flipping,3,3,0
P8,Flipping,3,1,0
P8,Flipping,3,1,0
P8,Flipping,3,3,0
P8,Flipping,3,3,0
P8,Flipping,3,3,0
P8,Flipping,3,2,0
P8,Flipping,3,0,0
P8,Flipping,3,2,0
P8,Flipping,3,3,0
P8,Flipping,3,0,0
P8,Flipping,3,0,0
P8,Flipping,3,0,0
P8,Flipping,1,1,0
P8,Flipping,1,1,0
P8,Flipping,1,1,0
P8,Flipping,1,1,0
P8,Flipping,1,1,0
P8,Flipping,1,1,0
P8,Flipping,1,0,0
P8,Flipping,1,0,0
P8,Flipping,1,0,0
P8,Flipping,1,1,0
P8,Flipping,1,1,0
P8,Flipping,1,1,0
P8,Flipping,1,1,0
P8,Flipping,1,1,0
P8,Flipping,1,1,0
P8,Flipping,1,0,0
P8,Flipping,1,0,0
P8,Flipping,1,0,0
P8,TapNFlip,1,2,0
P8,TapNFlip,1,2,0
P8,TapNFlip,1,2,0
P8,TapNFlip,1,3,0
P8,TapNFlip,1,3,0
P8,TapNFlip,1,3,0
P8,TapNFlip,1,2,0
P8,TapNFlip,1,2,0
P8,TapNFlip,1,2,0
P8,TapNFlip,1,0,0
P8,TapNFlip,1,0,0
P8,TapNFlip,1,0,0
P8,TapNFlip,1,3,0
P8,TapNFlip,1,3,0
P8,TapNFlip,1,3,0
P8,TapNFlip,1,3,0
P8,TapNFlip,1,3,0
P8,TapNFlip,1,3,0
P8,RuntimeBar,3,1,0
P8,RuntimeBar,3,0,0
P8,RuntimeBar,3,3,0
P8,RuntimeBar,3,2,0
P8,RuntimeBar,3,2,0
P8,RuntimeBar,3,2,0
P8,RuntimeBar,3,3,0
P8,RuntimeBar,3,3,0
P8,RuntimeBar,3,3,0
P8,RuntimeBar,3,0,0
P8,RuntimeBar,3,0,0
P8,RuntimeBar,3,1,0
P8,RuntimeBar,3,1,0
P8,RuntimeBar,3,1,0
P8,RuntimeBar,3,2,0
P8,RuntimeBar,3,1,0
P8,RuntimeBar,3,1,0
P8,RuntimeBar,3,1,0
P8,TapNFlip,2,2,0
P8,TapNFlip,2,1,0
P8,TapNFlip,2,2,0
P8,TapNFlip,2,0,0
P8,TapNFlip,2,0,0
P8,TapNFlip,2,0,0
P8,TapNFlip,2,0,0
P8,TapNFlip,2,2,0
P8,TapNFlip,2,0,0
P8,TapNFlip,2,1,0
P8,TapNFlip,2,1,0
P8,TapNFlip,2,2,0
P8,TapNFlip,2,2,0
P8,TapNFlip,2,0,0
P8,TapNFlip,2,0,0
P8,TapNFlip,2,2,0
P8,TapNFlip,2,2,0
P8,TapNFlip,2,2,0
P8,RuntimeBar,2,0,0
P8,RuntimeBar,2,2,0
P8,RuntimeBar,2,2,0
P8,RuntimeBar,2,3,0
P8,RuntimeBar,2,3,0
P8,RuntimeBar,2,1,0
P8,RuntimeBar,2,3,0
P8,RuntimeBar,2,2,0
P8,RuntimeBar,2,3,0
P8,RuntimeBar,2,3,0
P8,RuntimeBar,2,3,0
P8,RuntimeBar,2,3,0
P8,RuntimeBar,2,2,0
P8,RuntimeBar,2,0,0
P8,RuntimeBar,2,0,0
P8,RuntimeBar,2,3,0
P8,RuntimeBar,2,3,0
P8,RuntimeBar,2,3,0
P8,TapNFlip,3,0,0
P8,TapNFlip,3,3,0
P8,TapNFlip,3,0,0
P8,TapNFlip,3,3,0
P8,TapNFlip,3,3,0
P8,TapNFlip,3,1,0
P8,TapNFlip,3,1,0
P8,TapNFlip,3,1,0
P8,TapNFlip,3,1,0
P8,TapNFlip,3,0,0
P8,TapNFlip,3,3,0
P8,TapNFlip,3,0,0
P8,TapNFlip,3,1,0
P8,TapNFlip,3,1,0
P8,TapNFlip,3,1,0
P8,TapNFlip,3,2,0
P8,TapNFlip,3,1,0
P8,TapNFlip,3,2,0
P8,RuntimeBar,1,0,0
P8,RuntimeBar,1,0,0
P8,RuntimeBar,1,0,0
P8,RuntimeBar,1,1,0
P8,RuntimeBar,1,1,0
P8,RuntimeBar,1,1,0
P8,RuntimeBar,1,2,0
P8,RuntimeBar,1,2,0
P8,RuntimeBar,1,2,0
P8,RuntimeBar,1,0,0
P8,RuntimeBar,1,0,0
P8,RuntimeBar,1,0,0
P8,RuntimeBar,1,2,0
P8,RuntimeBar,1,2,0
P8,RuntimeBar,1,2,0
P8,RuntimeBar,1,2,0
P8,RuntimeBar,1,2,0
P8,RuntimeBar,1,2,0
P8,Home,1,3,0
P8,Home,1,3,0
P8,Home,1,3,0
P8,Home,1,3,0
P8,Home,1,3,0
P8,Home,1,3,0
P8,Home,1,1,0
P8,Home,1,1,0
P8,Home,1,1,0
P8,Home,1,0,0
P8,Home,1,0,0
P8,Home,1,0,0
P8,Home,1,2,0
P8,Home,1,2,0
P8,Home,1,2,0
P8,Home,1,3,0
P8,Home,1,3,0
P8,Home,1,3,0
P8,Home,3,1,0
P8,Home,3,0,0
P8,Home,3,0,0
P8,Home,3,2,0
P8,Home,3,3,0
P8,Home,3,2,0
P8,Home,3,3,0
P8,Home,3,3,0
P8,Home,3,3,0
P8,Home,3,0,0
P8,Home,3,2,0
P8,Home,3,3,0
P8,Home,3,3,0
P8,Home,3,3,0
P8,Home,3,3,0
P8,Home,3,0,0
P8,Home,3,1,0
P8,Home,3,2,0
P8,Home,2,3,0
P8,Home,2,3,0
P8,Home,2,0,0
P8,Home,2,2,0
P8,Home,2,2,0
P8,Home,2,2,0
P8,Home,2,2,0
P8,Home,2,3,0
P8,Home,2,3,0
P8,Home,2,3,0
P8,Home,2,3,0
P8,Home,2,2,0
P8,Home,2,0,0
P8,Home,2,0,0
P8,Home,2,0,0
P8,Home,2,0,0
P8,Home,2,2,0
P8,Home,2,2,0
P9,Flipping,3,0,0
P9,Flipping,3,0,0
P9,Flipping,3,1,0
P9,Flipping,3,1,0
P9,Flipping,3,3,0
P9,Flipping,3,1,0
P9,Flipping,3,0,0
P9,Flipping,3,0,0
P9,Flipping,3,0,0
P9,Flipping,3,3,0
P9,Flipping,3,3,0
P9,Flipping,3,1,0
P9,Flipping,3,0,0
P9,Flipping,3,0,0
P9,Flipping,3,0,0
P9,Flipping,3,2,0
P9,Flipping,3,1,0
P9,Flipping,3,0,0
P9,TapNFlip,1,1,0
P9,TapNFlip,1,1,0
P9,TapNFlip,1,1,0
P9,TapNFlip,1,1,0
P9,TapNFlip,1,1,0
P9,TapNFlip,1,1,0
P9,TapNFlip,1,1,0
P9,TapNFlip,1,1,0
P9,TapNFlip,1,1,0
P9,TapNFlip,1,2,0
P9,TapNFlip,1,2,0
P9,TapNFlip,1,2,0
P9,TapNFlip,1,3,0
P9,TapNFlip,1,3,0
P9,TapNFlip,1,3,0
P9,TapNFlip,1,2,0
P9,TapNFlip,1,2,0
P9,TapNFlip,1,2,0
P9,Flipping,2,2,0
P9,Flipping,2,2,0
P9,Flipping,2,2,0
P9,Flipping,2,0,0
P9,Flipping,2,0,0
P9,Flipping,2,0,0
P9,Flipping,2,3,0
P9,Flipping,2,3,0
P9,Flipping,2,0,0
P9,Flipping,2,1,0
P9,Flipping,2,3,0
P9,Flipping,2,3,0
P9,Flipping,2,1,0
P9,Flipping,2,3,0
P9,Flipping,2,3,0
P9,Flipping,2,3,0
P9,Flipping,2,2,0
P9,Flipping,2,2,0
P9,TapNFlip,2,3,0
P9,TapNFlip,2,3,0
P9,TapNFlip,2,2,0
P9,TapNFlip,2,3,0
P9,TapNFlip,2,3,0
P9,TapNFlip,2,3,0
P9,TapNFlip,2,3,0
P9,TapNFlip,2,2,0
P9,TapNFlip,2,2,0
P9,TapNFlip,2,0,0
P9,TapNFlip,2,1,0
P9,TapNFlip,2,1,0
P9,TapNFlip,2,3,0
P9,TapNFlip,2,2,0
P9,TapNFlip,2,3,0
P9,TapNFlip,2,3,0
P9,TapNFlip,2,3,0
P9,TapNFlip,2,3,0
P9,Flipping,1,1,0
P9,Flipping,1,1,0
P9,Flipping,1,1,0
P9,Flipping,1,2,0
P9,Flipping,1,2,0
P9,Flipping,1,2,0
P9,Flipping,1,2,0
P9,Flipping,1,2,0
P9,Flipping,1,2,0
P9,Flipping,1,2,0
P9,Flipping,1,2,0
P9,Flipping,1,2,0
P9,Flipping,1,3,0
P9,Flipping,1,3,0
P9,Flipping,1,3,0
P9,Flipping,1,0,0
P9,Flipping,1,0,0
P9,Flipping,1,0,0
P9,TapNFlip,3,0,0
P9,TapNFlip,3,0,0
P9,TapNFlip,3,0,0
P9,TapNFlip,3,1,0
P9,TapNFlip,3,1,0
P9,TapNFlip,3,1,0
P9,TapNFlip,3,3,0
P9,TapNFlip,3,3,0
P9,TapNFlip,3,3,0
P9,TapNFlip,3,2,0
P9,TapNFlip,3,0,0
P9,TapNFlip,3,2,0
P9,TapNFlip,3,2,0
P9,TapNFlip,3,1,0
P9,TapNFlip,3,1,0
P9,TapNFlip,3,1,0
P9,TapNFlip,3,1,0
P9,TapNFlip,3,1,0
P9,RuntimeBar,3,3,0
P9,RuntimeBar,3,2,0
P9,RuntimeBar,3,2,0
P9,RuntimeBar,3,1,0
P9,RuntimeBar,3,0,0
P9,RuntimeBar,3,1,0
P9,RuntimeBar,3,1,0
P9,RuntimeBar,3,2,0
P9,RuntimeBar,3,2,0
P9,RuntimeBar,3,3,0
P9,RuntimeBar,3,2,0
P9,RuntimeBar,3,3,0
P9,RuntimeBar,3,2,0
P9,RuntimeBar,3,2,0
P9,RuntimeBar,3,2,0
P9,RuntimeBar,3,3,0
P9,RuntimeBar,3,3,0
P9,RuntimeBar,3,1,0
P9,Home,1,3,0
P9,Home,1,3,0
P9,Home,1,3,0
P9,Home,1,2,0
P9,Home,1,2,0
P9,Home,1,2,0
P9,Home,1,0,0
P9,Home,1,0,0
P9,Home,1,0,0
P9,Home,1,2,0
P9,Home,1,2,0
P9,Home,1,2,0
P9,Home,1,2,0
P9,Home,1,2,0
P9,Home,1,2,0
P9,Home,1,2,0
P9,Home,1,2,0
P9,Home,1,2,0
P9,RuntimeBar,2,1,0
P9,RuntimeBar,2,1,0
P9,RuntimeBar,2,1,0
P9,RuntimeBar,2,0,0
P9,RuntimeBar,2,0,0
P9,RuntimeBar,2,1,0
P9,RuntimeBar,2,0,0
P9,RuntimeBar,2,0,0
P9,RuntimeBar,2,0,0
P9,RuntimeBar,2,3,0
P9,RuntimeBar,2,3,0
P9,RuntimeBar,2,3,0
P9,RuntimeBar,2,3,0
P9,RuntimeBar,2,3,0
P9,RuntimeBar,2,3,0
P9,RuntimeBar,2,2,0
P9,RuntimeBar,2,2,0
P9,RuntimeBar,2,2,0
P9,Home,2,0,0
P9,Home,2,1,0
P9,Home,2,0,0
P9,Home,2,0,0
P9,Home,2,0,0
P9,Home,2,3,0
P9,Home,2,1,0
P9,Home,2,1,0
P9,Home,2,1,1
P9,Home,2,0,0
P9,Home,2,0,0
P9,Home,2,0,0
P9,Home,2,3,0
P9,Home,2,1,0
P9,Home,2,1,0
P9,Home,2,2,0
P9,Home,2,2,0
P9,Home,2,3,0
P9,RuntimeBar,1,2,0
P9,RuntimeBar,1,2,0
P9,RuntimeBar,1,2,0
P9,RuntimeBar,1,1,0
P9,RuntimeBar,1,1,0
P9,RuntimeBar,1,1,0
P9,RuntimeBar,1,2,0
P9,RuntimeBar,1,2,0
P9,RuntimeBar,1,2,1
P9,RuntimeBar,1,2,0
P9,RuntimeBar,1,2,0
P9,RuntimeBar,1,2,0
P9,RuntimeBar,1,0,0
P9,RuntimeBar,1,0,0
P9,RuntimeBar,1,0,0
P9,RuntimeBar,1,3,0
P9,RuntimeBar,1,3,0
P9,RuntimeBar,1,3,0
P9,Home,3,3,0
P9,Home,3,3,0
P9,Home,3,3,0
P9,Home,3,3,0
P9,Home,3,1,0
P9,Home,3,1,0
P9,Home,3,3,0
P9,Home,3,0,0
P9,Home,3,3,0
P9,Home,3,0,0
P9,Home,3,2,0
P9,Home,3,2,0
P9,Home,3,3,0
P9,Home,3,3,0
P9,Home,3,2,0
P9,Home,3,0,0
P9,Home,3,3,0
P9,Home,3,0,0
P10,TapNFlip,1,3,0
P10,TapNFlip,1,3,0
P10,TapNFlip,1,3,0
P10,TapNFlip,1,0,0
P10,TapNFlip,1,0,0
P10,TapNFlip,1,0,0
P10,TapNFlip,1,2,0
P10,TapNFlip,1,2,0
P10,TapNFlip,1,2,0
P10,TapNFlip,1,1,0
P10,TapNFlip,1,1,0
P10,TapNFlip,1,1,0
P10,TapNFlip,1,1,0
P10,TapNFlip,1,1,0
P10,TapNFlip,1,1,0
P10,TapNFlip,1,3,0
P10,TapNFlip,1,3,0
P10,TapNFlip,1,3,0
P10,TapNFlip,2,1,0
P10,TapNFlip,2,0,0
P10,TapNFlip,2,0,0
P10,TapNFlip,2,1,0
P10,TapNFlip,2,1,0
P10,TapNFlip,2,1,0
P10,TapNFlip,2,0,0
P10,TapNFlip,2,1,0
P10,TapNFlip,2,0,0
P10,TapNFlip,2,3,0
P10,TapNFlip,2,2,0
P10,TapNFlip,2,3,0
P10,TapNFlip,2,0,0
P10,TapNFlip,2,0,0
P10,TapNFlip,2,0,0
P10,TapNFlip,2,2,0
P10,TapNFlip,2,2,0
P10,TapNFlip,2,2,0
P10,Flipping,3,0,0
P10,Flipping,3,3,0
P10,Flipping,3,0,0
P10,Flipping,3,2,0
P10,Flipping,3,2,0
P10,Flipping,3,2,0
P10,Flipping,3,2,0
P10,Flipping,3,1,0
P10,Flipping,3,1,0
P10,Flipping,3,0,0
P10,Flipping,3,0,0
P10,Flipping,3,2,0
P10,Flipping,3,2,0
P10,Flipping,3,3,0
P10,Flipping,3,1,0
P10,Flipping,3,2,0
P10,Flipping,3,2,1
P10,Flipping,3,1,0
P10,TapNFlip,3,3,0
P10,TapNFlip,3,2,0
P10,TapNFlip,3,3,0
P10,TapNFlip,3,3,0
P10,TapNFlip,3,3,0
P10,TapNFlip,3,1,0
P10,TapNFlip,3,0,0
P10,TapNFlip,3,0,0
P10,TapNFlip,3,3,0
P10,TapNFlip,3,1,0
P10,TapNFlip,3,2,0
P10,TapNFlip,3,2,0
P10,TapNFlip,3,0,0
P10,TapNFlip,3,0,0
P10,TapNFlip,3,0,0
P10,TapNFlip,3,2,0
P10,TapNFlip,3,1,0
P10,TapNFlip,3,2,0
P10,Flipping,2,1,0
P10,Flipping,2,3,0
P10,Flipping,2,3,0
P10,Flipping,2,0,0
P10,Flipping,2,2,0
P10,Flipping,2,2,0
P10,Flipping,2,0,0
P10,Flipping,2,0,0
P10,Flipping,2,3,0
P10,Flipping,2,1,0
P10,Flipping,2,0,0
P10,Flipping,2,0,0
P10,Flipping,2,1,0
P10,Flipping,2,1,0
P10,Flipping,2,0,0
P10,Flipping,2,3,0
P10,Flipping,2,3,0
P10,Flipping,2,2,0
P10,Home,1,0,0
P10,Home,1,0,0
P10,Home,1,0,0
P10,Home,1,3,0
P10,Home,1,3,0
P10,Home,1,3,0
P10,Home,1,1,0
P10,Home,1,1,0
P10,Home,1,1,0
P10,Home,1,3,0
P10,Home,1,3,0
P10,Home,1,3,0
P10,Home,1,1,0
P10,Home,1,1,0
P10,Home,1,1,0
P10,Home,1,1,0
P10,Home,1,1,0
P10,Home,1,1,1
P10,Flipping,1,2,1
P10,Flipping,1,2,0
P10,Flipping,1,2,0
P10,Flipping,1,2,0
P10,Flipping,1,2,0
P10,Flipping,1,2,0
P10,Flipping,1,2,0
P10,Flipping,1,2,0
P10,Flipping,1,2,0
P10,Flipping,1,0,0
P10,Flipping,1,0,0
P10,Flipping,1,0,0
P10,Flipping,1,0,0
P10,Flipping,1,0,0
P10,Flipping,1,0,0
P10,Flipping,1,2,0
P10,Flipping,1,2,0
P10,Flipping,1,2,0
P10,Home,2,2,0
P10,Home,2,1,0
P10,Home,2,2,0
P10,Home,2,0,0
P10,Home,2,2,0
P10,Home,2,2,0
P10,Home,2,1,0
P10,Home,2,1,0
P10,Home,2,1,0
P10,Home,2,1,0
P10,Home,2,2,0
P10,Home,2,2,0
P10,Home,2,1,0
P10,Home,2,1,0
P10,Home,2,1,0
P10,Home,2,3,0
P10,Home,2,1,0
P10,Home,2,3,0
P10,RuntimeBar,3,1,0
P10,RuntimeBar,3,3,0
P10,RuntimeBar,3,3,0
P10,RuntimeBar,3,2,0
P10,RuntimeBar,3,2,0
P10,RuntimeBar,3,2,0
P10,RuntimeBar,3,3,0
P10,RuntimeBar,3,1,0
P10,RuntimeBar,3,3,0
P10,RuntimeBar,3,1,0
P10,RuntimeBar,3,1,0
P10,RuntimeBar,3,2,0
P10,RuntimeBar,3,3,0
P10,RuntimeBar,3,1,0
P10,RuntimeBar,3,1,0
P10,RuntimeBar,3,1,0
P10,RuntimeBar,3,1,0
P10,RuntimeBar,3,1,0
P10,Home,3,1,0
P10,Home,3,1,0
P10,Home,3,0,0
P10,Home,3,2,0
P10,Home,3,0,0
P10,Home,3,2,0
P10,Home,3,0,0
P10,Home,3,0,0
P10,Home,3,2,0
P10,Home,3,3,0
P10,Home,3,2,0
P10,Home,3,2,0
P10,Home,3,1,0
P10,Home,3,1,2
P10,Home,3,1,0
P10,Home,3,1,0
P10,Home,3,2,0
P10,Home,3,1,0
P10,RuntimeBar,2,3,0
P10,RuntimeBar,2,3,0
P10,RuntimeBar,2,3,0
P10,RuntimeBar,2,1,0
P10,RuntimeBar,2,2,0
P10,RuntimeBar,2,1,0
P10,RuntimeBar,2,2,0
P10,RuntimeBar,2,0,0
P10,RuntimeBar,2,2,0
P10,RuntimeBar,2,2,0
P10,RuntimeBar,2,2,0
P10,RuntimeBar,2,2,0
P10,RuntimeBar,2,2,0
P10,RuntimeBar,2,2,0
P10,RuntimeBar,2,2,0
P10,RuntimeBar,2,1,0
P10,RuntimeBar,2,1,0
P10,RuntimeBar,2,1,0
P10,RuntimeBar,1,1,0
P10,RuntimeBar,1,1,0
P10,RuntimeBar,1,1,0
P10,RuntimeBar,1,1,0
P10,RuntimeBar,1,1,1
P10,RuntimeBar,1,1,0
P10,RuntimeBar,1,3,0
P10,RuntimeBar,1,3,0
P10,RuntimeBar,1,3,0
P10,RuntimeBar,1,2,0
P10,RuntimeBar,1,2,0
P10,RuntimeBar,1,2,0
P10,RuntimeBar,1,2,0
P10,RuntimeBar,1,2,0
P10,RuntimeBar,1,2,0
P10,RuntimeBar,1,0,0
P10,RuntimeBar,1,0,0
P10,RuntimeBar,1,0,0
P11,TapNFlip,2,1,0
P11,TapNFlip,2,1,0
P11,TapNFlip,2,0,0
P11,TapNFlip,2,3,0
P11,TapNFlip,2,2,0
P11,TapNFlip,2,3,0
P11,TapNFlip,2,2,0
P11,TapNFlip,2,2,0
P11,TapNFlip,2,2,0
P11,TapNFlip,2,3,0
P11,TapNFlip,2,3,0
P11,TapNFlip,2,3,0
P11,TapNFlip,2,2,0
P11,TapNFlip,2,2,0
P11,TapNFlip,2,1,0
P11,TapNFlip,2,3,0
P11,TapNFlip,2,0,0
P11,TapNFlip,2,0,0
P11,TapNFlip,3,3,0
P11,TapNFlip,3,2,0
P11,TapNFlip,3,3,0
P11,TapNFlip,3,3,0
P11,TapNFlip,3,3,0
P11,TapNFlip,3,0,0
P11,TapNFlip,3,3,0
P11,TapNFlip,3,1,0
P11,TapNFlip,3,3,0
P11,TapNFlip,3,0,0
P11,TapNFlip,3,0,0
P11,TapNFlip,3,0,0
P11,TapNFlip,3,1,0
P11,TapNFlip,3,1,0
P11,TapNFlip,3,2,0
P11,TapNFlip,3,1,0
P11,TapNFlip,3,0,0
P11,TapNFlip,3,2,0
P11,TapNFlip,1,0,0
P11,TapNFlip,1,0,0
P11,TapNFlip,1,0,0
P11,TapNFlip,1,2,0
P11,TapNFlip,1,2,0
P11,TapNFlip,1,2,0
P11,TapNFlip,1,0,0
P11,TapNFlip,1,0,0
P11,TapNFlip,1,0,0
P11,TapNFlip,1,3,0
P11,TapNFlip,1,3,0
P11,TapNFlip,1,3,0
P11,TapNFlip,1,1,0
P11,TapNFlip,1,1,0
P11,TapNFlip,1,1,0
P11,TapNFlip,1,3,0
P11,TapNFlip,1,3,0
P11,TapNFlip,1,3,0
P11,Home,1,2,0
P11,Home,1,2,0
P11,Home,1,2,0
P11,Home,1,3,0
P11,Home,1,3,0
P11,Home,1,3,0
P11,Home,1,1,0
P11,Home,1,1,0
P11,Home,1,1,0
P11,Home,1,2,0
P11,Home,1,2,0
P11,Home,1,2,0
P11,Home,1,3,0
P11,Home,1,3,0
P11,Home,1,3,0
P11,Home,1,2,0
P11,Home,1,2,0
P11,Home,1,2,0
P11,Flipping,3,3,0
P11,Flipping,3,3,0
P11,Flipping,3,3,0
P11,Flipping,3,2,0
P11,Flipping,3,2,0
P11,Flipping,3,0,0
P11,Flipping,3,0,2
P11,Flipping,3,0,0
P11,Flipping,3,0,0
P11,Flipping,3,1,0
P11,Flipping,3,1,2
P11,Flipping,3,0,0
P11,Flipping,3,3,0
P11,Flipping,3,2,0
P11,Flipping,3,3,0
P11,Flipping,3,2,1
P11,Flipping,3,2,0
P11,Flipping,3,1,0
P11,Home,2,3,0
P11,Home,2,0,0
P11,Home,2,0,0
P11,Home,2,0,0
P11,Home,2,1,0
P11,Home,2,0,0
P11,Home,2,2,0
P11,Home,2,1,0
P11,Home,2,1,0
P11,Home,2,2,0
P11,Home,2,2,0
P11,Home,2,2,0
P11,Home,2,0,0
P11,Home,2,0,0
P11,Home,2,0,0
P11,Home,2,0,0
P11,Home,2,0,0
P11,Home,2,2,0
P11,Flipping,2,1,0
P11,Flipping,2,2,0
P11,Flipping,2,1,1
P11,Flipping,2,2,0
P11,Flipping,2,0,0
P11,Flipping,2,2,0
P11,Flipping,2,2,0
P11,Flipping,2,2,0
P11,Flipping,2,2,0
P11,Flipping,2,0,0
P11,Flipping,2,0,0
P11,Flipping,2,2,0
P11,Flipping,2,2,0
P11,Flipping,2,2,0
P11,Flipping,2,0,0
P11,Flipping,2,0,0
P11,Flipping,2,3,0
P11,Flipping,2,0,0
P11,Home,3,3,0
P11,Home,3,1,0
P11,Home,3,3,0
P11,Home,3,3,0
P11,Home,3,3,0
P11,Home,3,3,0
P11,Home,3,2,0
P11,Home,3,2,0
P11,Home,3,2,0
P11,Home,3,1,0
P11,Home,3,1,0
P11,Home,3,1,0
P11,Home,3,0,0
P11,Home,3,0,0
P11,Home,3,1,0
P11,Home,3,0,0
P11,Home,3,3,0
P11,Home,3,0,0
P11,Flipping,1,0,0
P11,Flipping,1,0,1
P11,Flipping,1,0,0
P11,Flipping,1,3,0
P11,Flipping,1,3,0
P11,Flipping,1,3,0
P11,Flipping,1,3,0
P11,Flipping,1,3,0
P11,Flipping,1,3,0
P11,Flipping,1,0,0
P11,Flipping,1,0,0
P11,Flipping,1,0,0
P11,Flipping,1,2,0
P11,Flipping,1,2,0
P11,Flipping,1,2,0
P11,Flipping,1,3,0
P11,Flipping,1,3,0
P11,Flipping,1,3,0
P11,RuntimeBar,1,0,0
P11,RuntimeBar,1,0,0
P11,RuntimeBar,1,0,0
P11,RuntimeBar,1,1,0
P11,RuntimeBar,1,1,0
P11,RuntimeBar,1,1,0
P11,RuntimeBar,1,2,0
P11,RuntimeBar,1,2,1
P11,RuntimeBar,1,2,0
P11,RuntimeBar,1,0,0
P11,RuntimeBar,1,0,0
P11,RuntimeBar,1,0,0
P11,RuntimeBar,1,2,0
P11,RuntimeBar,1,2,0
P11,RuntimeBar,1,2,0
P11,RuntimeBar,1,2,0
P11,RuntimeBar,1,2,0
P11,RuntimeBar,1,2,0
P11,RuntimeBar,3,3,0
P11,RuntimeBar,3,1,0
P11,RuntimeBar,3,3,0
P11,RuntimeBar,3,1,0
P11,RuntimeBar,3,2,0
P11,RuntimeBar,3,0,0
P11,RuntimeBar,3,0,0
P11,RuntimeBar,3,0,0
P11,RuntimeBar,3,0,0
P11,RuntimeBar,3,2,2
P11,RuntimeBar,3,2,0
P11,RuntimeBar,3,0,0
P11,RuntimeBar,3,0,0
P11,RuntimeBar,3,3,0
P11,RuntimeBar,3,1,0
P11,RuntimeBar,3,3,0
P11,RuntimeBar,3,2,0
P11,RuntimeBar,3,0,0
P11,RuntimeBar,2,1,0
P11,RuntimeBar,2,1,0
P11,RuntimeBar,2,1,0
P11,RuntimeBar,2,3,0
P11,RuntimeBar,2,3,0
P11,RuntimeBar,2,3,0
P11,RuntimeBar,2,3,0
P11,RuntimeBar,2,0,0
P11,RuntimeBar,2,3,0
P11,RuntimeBar,2,0,0
P11,RuntimeBar,2,0,0
P11,RuntimeBar,2,0,0
P11,RuntimeBar,2,3,0
P11,RuntimeBar,2,3,0
P11,RuntimeBar,2,3,0
P11,RuntimeBar,2,0,0
P11,RuntimeBar,2,0,0
P11,RuntimeBar,2,0,0
P12,TapNFlip,3,3,0
P12,TapNFlip,3,3,0
P12,TapNFlip,3,3,0
P12,TapNFlip,3,0,0
P12,TapNFlip,3,3,0
P12,TapNFlip,3,3,0
P12,TapNFlip,3,0,0
P12,TapNFlip,3,0,0
P12,TapNFlip,3,3,0
P12,TapNFlip,3,3,0
P12,TapNFlip,3,2,0
P12,TapNFlip,3,2,0
P12,TapNFlip,3,1,0
P12,TapNFlip,3,1,0
P12,TapNFlip,3,0,0
P12,TapNFlip,3,2,0
P12,TapNFlip,3,3,0
P12,TapNFlip,3,2,0
P12,Home,1,1,0
P12,Home,1,1,0
P12,Home,1,1,0
P12,Home,1,2,0
P12,Home,1,2,0
P12,Home,1,2,0
P12,Home,1,2,0
P12,Home,1,2,0
P12,Home,1,2,0
P12,Home,1,1,0
P12,Home,1,1,0
P12,Home,1,1,0
P12,Home,1,2,0
P12,Home,1,2,0
P12,Home,1,2,0
P12,Home,1,1,0
P12,Home,1,1,0
P12,Home,1,1,0
P12,TapNFlip,2,3,0
P12,TapNFlip,2,3,0
P12,TapNFlip,2,3,0
P12,TapNFlip,2,0,0
P12,TapNFlip,2,0,0
P12,TapNFlip,2,0,0
P12,TapNFlip,2,3,0
P12,TapNFlip,2,3,0
P12,TapNFlip,2,1,0
P12,TapNFlip,2,2,0
P12,TapNFlip,2,2,0
P12,TapNFlip,2,0,0
P12,TapNFlip,2,0,0
P12,TapNFlip,2,0,0
P12,TapNFlip,2,0,0
P12,TapNFlip,2,3,0
P12,TapNFlip,2,3,0
P12,TapNFlip,2,3,0
P12,Home,2,0,0
P12,Home,2,2,0
P12,Home,2,0,0
P12,Home,2,2,0
P12,Home,2,3,0
P12,Home,2,3,0
P12,Home,2,2,0
P12,Home,2,2,0
P12,Home,2,2,0
P12,Home,2,1,0
P12,Home,2,1,0
P12,Home,2,1,0
P12,Home,2,0,0
P12,Home,2,1,0
P12,Home,2,1,0
P12,Home,2,2,0
P12,Home,2,1,0
P12,Home,2,1,0
P12,TapNFlip,1,3,0
P12,TapNFlip,1,3,0
P12,TapNFlip,1,3,0
P12,TapNFlip,1,2,0
P12,TapNFlip,1,2,0
P12,TapNFlip,1,2,0
P12,TapNFlip,1,1,0
P12,TapNFlip,1,1,0
P12,TapNFlip,1,1,0
P12,TapNFlip,1,3,0
P12,TapNFlip,1,3,0
P12,TapNFlip,1,3,0
P12,TapNFlip,1,0,0
P12,TapNFlip,1,0,0
P12,TapNFlip,1,0,0
P12,TapNFlip,1,0,0
P12,TapNFlip,1,0,0
P12,TapNFlip,1,0,0
P12,Home,3,1,0
P12,Home,3,1,0
P12,Home,3,3,0
P12,Home,3,0,0
P12,Home,3,0,0
P12,Home,3,0,0
P12,Home,3,3,0
P12,Home,3,1,0
P12,Home,3,3,0
P12,Home,3,1,0
P12,Home,3,1,0
P12,Home,3,1,0
P12,Home,3,3,0
P12,Home,3,3,0
P12,Home,3,0,0
P12,Home,3,1,0
P12,Home,3,2,0
P12,Home,3,1,0
P12,Flipping,3,1,0
P12,Flipping,3,2,0
P12,Flipping,3,1,0
P12,Flipping,3,3,0
P12,Flipping,3,2,0
P12,Flipping,3,2,0
P12,Flipping,3,3,0
P12,Flipping,3,2,0
P12,Flipping,3,3,0
P12,Flipping,3,1,0
P12,Flipping,3,0,0
P12,Flipping,3,0,0
P12,Flipping,3,1,0
P12,Flipping,3,2,0
P12,Flipping,3,1,0
P12,Flipping,3,2,0
P12,Flipping,3,1,0
P12,Flipping,3,0,0
P12,RuntimeBar,1,0,0
P12,RuntimeBar,1,0,0
P12,RuntimeBar,1,0,0
P12,RuntimeBar,1,1,0
P12,RuntimeBar,1,1,0
P12,RuntimeBar,1,1,0
P12,RuntimeBar,1,0,0
P12,RuntimeBar,1,0,0
P12,RuntimeBar,1,0,0
P12,RuntimeBar,1,2,0
P12,RuntimeBar,1,2,0
P12,RuntimeBar,1,2,0
P12,RuntimeBar,1,1,0
P12,RuntimeBar,1,1,0
P12,RuntimeBar,1,1,0
P12,RuntimeBar,1,2,0
P12,RuntimeBar,1,2,0
P12,RuntimeBar,1,2,0
P12,Flipping,2,3,0
P12,Flipping,2,3,0
P12,Flipping,2,3,0
P12,Flipping,2,1,0
P12,Flipping,2,1,0
P12,Flipping,2,1,0
P12,Flipping,2,0,0
P12,Flipping,2,0,0
P12,Flipping,2,0,0
P12,Flipping,2,1,0
P12,Flipping,2,1,0
P12,Flipping,2,3,0
P12,Flipping,2,0,0
P12,Flipping,2,1,0
P12,Flipping,2,0,0
P12,Flipping,2,0,0
P12,Flipping,2,0,0
P12,Flipping,2,3,0
P12,RuntimeBar,2,1,0
P12,RuntimeBar,2,3,0
P12,RuntimeBar,2,1,0
P12,RuntimeBar,2,0,0
P12,RuntimeBar,2,0,0
P12,RuntimeBar,2,2,0
P12,RuntimeBar,2,1,0
P12,RuntimeBar,2,1,0
P12,RuntimeBar,2,3,0
P12,RuntimeBar,2,1,0
P12,RuntimeBar,2,0,0
P12,RuntimeBar,2,1,0
P12,RuntimeBar,2,0,0
P12,RuntimeBar,2,0,0
P12,RuntimeBar,2,0,0
P12,RuntimeBar,2,0,0
P12,RuntimeBar,2,3,0
P12,RuntimeBar,2,0,0
P12,Flipping,1,2,0
P12,Flipping,1,2,0
P12,Flipping,1,2,0
P12,Flipping,1,0,0
P12,Flipping,1,0,0
P12,Flipping,1,0,0
P12,Flipping,1,3,0
P12,Flipping,1,3,0
P12,Flipping,1,3,0
P12,Flipping,1,0,0
P12,Flipping,1,0,0
P12,Flipping,1,0,0
P12,Flipping,1,0,0
P12,Flipping,1,0,0
P12,Flipping,1,0,0
P12,Flipping,1,1,0
P12,Flipping,1,1,0
P12,Flipping,1,1,0
P12,RuntimeBar,3,2,0
P12,RuntimeBar,3,0,0
P12,RuntimeBar,3,2,0
P12,RuntimeBar,3,3,0
P12,RuntimeBar,3,2,0
P12,RuntimeBar,3,3,0
P12,RuntimeBar,3,0,0
P12,RuntimeBar,3,0,0
P12,RuntimeBar,3,0,0
P12,RuntimeBar,3,1,0
P12,RuntimeBar,3,1,0
P12,RuntimeBar,3,1,0
P12,RuntimeBar,3,1,0
P12,RuntimeBar,3,1,0
P12,RuntimeBar,3,1,0
P12,RuntimeBar,3,3,0
P12,RuntimeBar,3,3,0
P12,RuntimeBar,3,3,0
