Participant,Method,AppsNumber,Distance,SeenTimeMillis
P1,Home,1,1,15842.0677
P1,Home,1,1,11275.1251
P1,Home,1,1,7650.0529
P1,Home,1,0,8305.0967
P1,Home,1,0,6559.0537
P1,Home,1,0,6531.0689
P1,Home,1,1,7566.0567
P1,Home,1,1,7223.0563
P1,Home,1,1,6593.0435
P1,Home,1,0,6049.0631
P1,Home,1,0,6136.0502
P1,Home,1,0,6220.0472
P1,Home,1,1,27232.0832
P1,Home,1,1,6743.0464
P1,Home,1,1,6319.047
P1,Home,1,1,7294.0462
P1,Home,1,1,6689.0461
P1,Home,1,1,6268.0497
P1,Home,2,3,17073.0922
P1,Home,2,1,9861.0663
P1,Home,2,1,10595.0597
P1,Home,2,2,9219.0581
P1,Home,2,2,8508.0545
P1,Home,2,0,7559.0644
P1,Home,2,3,15712.0642
P1,Home,2,1,8752.057
P1,Home,2,3,8450.0517
P1,Home,2,0,7139.0705
P1,Home,2,0,7900.1098
P1,Home,2,0,6587.0512
P1,Home,2,3,9299.0557
P1,Home,2,3,7953.0548
P1,Home,2,1,6864.05
P1,Home,2,1,6577.0526
P1,Home,2,1,8305.0495
P1,Home,2,1,6677.0461
P1,Home,3,2,9741.0572
P1,Home,3,0,9663.0898
P1,Home,3,0,6890.0518
P1,Home,3,2,7240.0503
P1,Home,3,1,8563.0752
P1,Home,3,1,8034.0553
P1,Home,3,1,6579.0507
P1,Home,3,2,14782.0632
P1,Home,3,3,11050.0557
P1,Home,3,3,8047.0488
P1,Home,3,2,9481.0546
P1,Home,3,3,9510.0529
P1,Home,3,3,7765.0541
P1,Home,3,3,7565.0502
P1,Home,3,3,9939.0675
P1,Home,3,2,9386.0522
P1,Home,3,3,8481.0505
P1,Home,3,3,7674.0505
P1,RuntimeBar,1,0,11594.072
P1,RuntimeBar,1,0,8658.0578
P1,RuntimeBar,1,0,8992.0799
P1,RuntimeBar,1,3,13103.0749
P1,RuntimeBar,1,3,8179.0563
P1,RuntimeBar,1,3,8564.0499
P1,RuntimeBar,1,1,9010.0748
P1,RuntimeBar,1,1,8703.0589
P1,RuntimeBar,1,1,12336.0603
P1,RuntimeBar,1,0,6674.0473
P1,RuntimeBar,1,0,9516.0524
P1,RuntimeBar,1,0,7551.0424
P1,RuntimeBar,1,2,8620.0548
P1,RuntimeBar,1,2,8056.0535
P1,RuntimeBar,1,2,7356.053
P1,RuntimeBar,1,2,9303.0461
P1,RuntimeBar,1,2,8071.0485
P1,RuntimeBar,1,2,6595.0971
P1,TapNFlip,3,1,29450.0412
P1,TapNFlip,3,3,12535.0176
P1,TapNFlip,3,3,3140.0044
P1,TapNFlip,3,1,4785.0067
P1,TapNFlip,3,1,3210.0045
P1,TapNFlip,3,3,18680.0261
P1,TapNFlip,3,0,3885.0055
P1,TapNFlip,3,2,6670.0093
P1,TapNFlip,3,0,4990.007
P1,TapNFlip,3,2,6520.0091
P1,TapNFlip,3,0,5050.0071
P1,TapNFlip,3,0,3745.0052
P1,TapNFlip,3,1,4635.0065
P1,TapNFlip,3,1,3060.0043
P1,TapNFlip,3,3,12090.0169
P1,TapNFlip,3,0,3570.005
P1,TapNFlip,3,2,7860.011
P1,TapNFlip,3,2,6910.0097
P1,RuntimeBar,2,0,9675.0565
P1,RuntimeBar,2,0,6463.0464
P1,RuntimeBar,2,0,6619.0457
P1,RuntimeBar,2,2,7671.0518
P1,RuntimeBar,2,0,6701.0535
P1,RuntimeBar,2,2,6043.0391
P1,RuntimeBar,2,2,7322.048
P1,RuntimeBar,2,0,5791.0506
P1,RuntimeBar,2,2,5467.0479
P1,RuntimeBar,2,2,6473.0503
P1,RuntimeBar,2,2,6533.0441
P1,RuntimeBar,2,2,7038.0466
P1,RuntimeBar,2,2,7294.0375
P1,RuntimeBar,2,3,7063.0463
P1,RuntimeBar,2,3,5821.0504
P1,RuntimeBar,2,0,11121.0572
P1,RuntimeBar,2,0,6134.0467
P1,RuntimeBar,2,0,7530.0488
P1,TapNFlip,2,3,12515.0175
P1,TapNFlip,2,3,7390.0104
P1,TapNFlip,2,3,7135.0099
P1,TapNFlip,2,1,4685.0065
P1,TapNFlip,2,3,14365.0201
P1,TapNFlip,2,3,3815.0054
P1,TapNFlip,2,0,4205.0059
P1,TapNFlip,2,3,9440.0132
P1,TapNFlip,2,3,2295.0032
P1,TapNFlip,2,3,9330.0131
P1,TapNFlip,2,3,8095.0113
P1,TapNFlip,2,3,8732.0648
P1,TapNFlip,2,2,9600.0134
P1,TapNFlip,2,1,5840.0082
P1,TapNFlip,2,1,2805.0039
P1,TapNFlip,2,3,7650.0107
P1,TapNFlip,2,1,6495.0091
P1,TapNFlip,2,1,2325.0033
P1,RuntimeBar,3,1,9857.0669
P1,RuntimeBar,3,3,9535.0535
P1,RuntimeBar,3,3,10062.0553
P1,RuntimeBar,3,3,8350.0501
P1,RuntimeBar,3,3,8392.0524
P1,RuntimeBar,3,3,8343.0495
P1,RuntimeBar,3,3,8827.0529
P1,RuntimeBar,3,3,8074.052
P1,RuntimeBar,3,3,6781.0489
P1,RuntimeBar,3,3,7868.0477
P1,RuntimeBar,3,3,6839.05
P1,RuntimeBar,3,2,15523.1162
P1,RuntimeBar,3,3,8862.0507
P1,RuntimeBar,3,2,7560.0393
P1,RuntimeBar,3,2,10351.0564
P1,RuntimeBar,3,2,9611.0649
P1,RuntimeBar,3,2,9127.0522
P1,RuntimeBar,3,3,9357.0403
P1,TapNFlip,1,3,47380.0663
P1,TapNFlip,1,3,2165.0031
P1,TapNFlip,1,3,2200.003
P1,TapNFlip,1,3,5585.0079
P1,TapNFlip,1,3,2450.0034
P1,TapNFlip,1,3,2320.0032
P1,TapNFlip,1,0,3380.0048
P1,TapNFlip,1,0,2510.0035
P1,TapNFlip,1,0,2560.0036
P1,TapNFlip,1,3,5755.008
P1,TapNFlip,1,3,2415.0034
P1,TapNFlip,1,3,2360.0033
P1,TapNFlip,1,1,4670.0066
P1,TapNFlip,1,1,2380.0033
P1,TapNFlip,1,1,2645.0037
P1,TapNFlip,1,3,7510.0105
P1,TapNFlip,1,3,2610.0037
P1,TapNFlip,1,3,2275.0032
P1,Flipping,1,1,11316.0968
P1,Flipping,1,1,4787.0528
P1,Flipping,1,1,4381.0403
P1,Flipping,1,1,7936.0533
P1,Flipping,1,1,4391.0486
P1,Flipping,1,1,4169.0468
P1,Flipping,1,3,9934.0668
P1,Flipping,1,3,4478.0366
P1,Flipping,1,3,4018.0482
P1,Flipping,1,0,5061.0479
P1,Flipping,1,0,3991.0444
P1,Flipping,1,0,3658.0404
P1,Flipping,1,1,7294.0479
P1,Flipping,1,1,4105.0356
P1,Flipping,1,1,4017.0467
P1,Flipping,1,0,5196.0447
P1,Flipping,1,0,4213.0443
P1,Flipping,1,0,3985.0433
P1,Flipping,3,1,17857.068
P1,Flipping,3,1,4230.0481
P1,Flipping,3,1,6386.0938
P1,Flipping,3,3,8918.0581
P1,Flipping,3,3,10487.0614
P1,Flipping,3,3,5416.0431
P1,Flipping,3,1,6116.0479
P1,Flipping,3,1,5466.0538
P1,Flipping,3,0,7543.054
P1,Flipping,3,3,8259.0511
P1,Flipping,3,0,12259.0986
P1,Flipping,3,3,7146.0505
P1,Flipping,3,3,7934.049
P1,Flipping,3,3,4237.0526
P1,Flipping,3,1,19933.126
P1,Flipping,3,2,8554.058
P1,Flipping,3,2,4037.0429
P1,Flipping,3,2,9147.1195
P1,Flipping,2,0,18664.0696
P1,Flipping,2,0,4049.0433
P1,Flipping,2,0,3801.0428
P1,Flipping,2,2,6783.0523
P1,Flipping,2,2,3971.0436
P1,Flipping,2,2,4863.1021
P1,Flipping,2,2,9668.0578
P1,Flipping,2,2,4475.0464
P1,Flipping,2,2,4359.0423
P1,Flipping,2,0,5462.0445
P1,Flipping,2,3,8411.0518
P1,Flipping,2,3,4076.0448
P1,Flipping,2,1,5718.0472
P1,Flipping,2,1,4684.0579
P1,Flipping,2,3,8295.0509
P1,Flipping,2,2,7925.0544
P1,Flipping,2,2,3602.045
P1,Flipping,2,2,3553.0428
P2,Home,2,3,13785.1041
P2,Home,2,3,12911.2751
P2,Home,2,3,19109.0814
P2,Home,2,2,11690.061
P2,Home,2,2,10907.058
P2,Home,2,2,12522.1226
P2,Home,2,1,12009.0577
P2,Home,2,3,10640.0573
P2,Home,2,1,10827.0614
P2,Home,2,2,11670.1167
P2,Home,2,2,12606.0766
P2,Home,2,2,11975.0583
P2,Home,2,3,9431.0496
P2,Home,2,3,10200.05
P2,Home,2,3,11401.0548
P2,Home,2,1,10691.0549
P2,Home,2,1,11323.0832
P2,Home,2,1,9227.0558
P2,Home,3,0,12174.0736
P2,Home,3,3,12041.0945
P2,Home,3,3,16033.0619
P2,Home,3,1,10090.0554
P2,Home,3,2,17316.0804
P2,Home,3,2,9916.0511
P2,Home,3,2,9620.0868
P2,Home,3,3,11362.0598
P2,Home,3,3,11264.1117
P2,Home,3,3,9433.072
P2,Home,3,3,8969.0496
P2,Home,3,1,8455.0537
P2,Home,3,2,10922.1744
P2,Home,3,0,9185.0879
P2,Home,3,2,10760.0539
P2,Home,3,0,7684.0508
P2,Home,3,2,11427.0544
P2,Home,3,3,10380.0589
P2,Home,1,1,10776.0955
P2,Home,1,1,8435.0469
P2,Home,1,1,11520.1529
P2,Home,1,1,8762.0528
P2,Home,1,1,10804.0555
P2,Home,1,1,9411.0548
P2,Home,1,3,9042.0538
P2,Home,1,3,8653.0491
P2,Home,1,3,11501.1384
P2,Home,1,2,11243.1191
P2,Home,1,2,7881.0471
P2,Home,1,2,7856.0543
P2,Home,1,2,8483.0612
P2,Home,1,2,8067.0794
P2,Home,1,2,8624.0781
P2,Home,1,3,10535.0552
P2,Home,1,3,13350.0586
P2,Home,1,3,10977.1008
P2,RuntimeBar,1,3,26741.1486
P2,RuntimeBar,1,3,10572.0643
P2,RuntimeBar,1,3,10136.1459
P2,RuntimeBar,1,2,10028.0714
P2,RuntimeBar,1,2,7576.0553
P2,RuntimeBar,1,2,10299.2379
P2,RuntimeBar,1,1,9066.0532
P2,RuntimeBar,1,1,8064.0519
P2,RuntimeBar,1,1,7561.0492
P2,RuntimeBar,1,2,7800.0486
P2,RuntimeBar,1,2,8367.0509
P2,RuntimeBar,1,2,5747.043
P2,RuntimeBar,1,2,9044.1063
P2,RuntimeBar,1,2,8501.0463
P2,RuntimeBar,1,2,6176.0598
P2,RuntimeBar,1,3,11259.1189
P2,RuntimeBar,1,3,7871.0769
P2,RuntimeBar,1,3,7659.0478
P2,TapNFlip,3,2,45777.0772
P2,TapNFlip,3,0,15695.022
P2,TapNFlip,3,2,12615.0176
P2,TapNFlip,3,1,5930.0083
P2,TapNFlip,3,2,8155.0114
P2,TapNFlip,3,2,4615.0065
P2,TapNFlip,3,3,6200.0087
P2,TapNFlip,3,2,7605.0106
P2,TapNFlip,3,2,3635.0051
P2,TapNFlip,3,3,7390.0104
P2,TapNFlip,3,3,3440.0048
P2,TapNFlip,3,3,2850.004
P2,TapNFlip,3,2,5290.0074
P2,TapNFlip,3,2,3070.0043
P2,TapNFlip,3,3,7240.0101
P2,TapNFlip,3,3,7385.0104
P2,TapNFlip,3,2,8800.0123
P2,TapNFlip,3,2,3110.0044
P2,RuntimeBar,2,1,17551.0643
P2,RuntimeBar,2,2,11336.1306
P2,RuntimeBar,2,2,8139.0554
P2,RuntimeBar,2,3,11532.0601
P2,RuntimeBar,2,3,9259.0486
P2,RuntimeBar,2,3,8487.0516
P2,RuntimeBar,2,3,9230.0531
P2,RuntimeBar,2,3,8178.0713
P2,RuntimeBar,2,0,7657.0446
P2,RuntimeBar,2,2,8297.0502
P2,RuntimeBar,2,0,6841.051
P2,RuntimeBar,2,0,8462.049
P2,RuntimeBar,2,2,8916.0516
P2,RuntimeBar,2,2,8602.0476
P2,RuntimeBar,2,2,6695.044
P2,RuntimeBar,2,2,11277.0524
P2,RuntimeBar,2,1,7998.0505
P2,RuntimeBar,2,1,8346.0488
P2,TapNFlip,2,1,15870.0223
P2,TapNFlip,2,1,3500.0049
P2,TapNFlip,2,1,2740.0038
P2,TapNFlip,2,2,4975.007
P2,TapNFlip,2,2,3020.0042
P2,TapNFlip,2,1,9590.0134
P2,TapNFlip,2,1,3925.0055
P2,TapNFlip,2,1,3645.0051
P2,TapNFlip,2,1,3415.0048
P2,TapNFlip,2,2,3915.0055
P2,TapNFlip,2,2,3915.0055
P2,TapNFlip,2,0,4960.0069
P2,TapNFlip,2,2,4385.0062
P2,TapNFlip,2,2,6815.0095
P2,TapNFlip,2,2,2665.0037
P2,TapNFlip,2,1,5700.008
P2,TapNFlip,2,1,2770.0039
P2,TapNFlip,2,3,6310.0088
P2,RuntimeBar,3,2,16908.0682
P2,RuntimeBar,3,2,7459.0486
P2,RuntimeBar,3,2,7068.0453
P2,RuntimeBar,3,0,7093.0472
P2,RuntimeBar,3,3,9568.0537
P2,RuntimeBar,3,1,7841.0481
P2,RuntimeBar,3,0,8155.0488
P2,RuntimeBar,3,0,7178.0435
P2,RuntimeBar,3,1,7018.0451
P2,RuntimeBar,3,0,9928.0833
P2,RuntimeBar,3,2,9240.0472
P2,RuntimeBar,3,2,8580.0737
P2,RuntimeBar,3,3,8258.0499
P2,RuntimeBar,3,1,7673.0472
P2,RuntimeBar,3,3,7356.0458
P2,RuntimeBar,3,2,9135.046
P2,RuntimeBar,3,1,9059.1005
P2,RuntimeBar,3,2,8901.0494
P2,TapNFlip,1,0,16225.0227
P2,TapNFlip,1,0,4280.006
P2,TapNFlip,1,0,5440.0076
P2,TapNFlip,1,2,7100.0099
P2,TapNFlip,1,2,3600.0051
P2,TapNFlip,1,2,3085.0043
P2,TapNFlip,1,1,7625.0107
P2,TapNFlip,1,1,2725.0038
P2,TapNFlip,1,1,2195.0031
P2,TapNFlip,1,1,6620.0092
P2,TapNFlip,1,1,2885.0041
P2,TapNFlip,1,1,2325.0032
P2,TapNFlip,1,2,7015.0099
P2,TapNFlip,1,2,2000.0028
P2,TapNFlip,1,2,2590.0036
P2,TapNFlip,1,0,5905.0083
P2,TapNFlip,1,0,2030.0028
P2,TapNFlip,1,0,1960.0027
P2,Flipping,1,0,23076.0893
P2,Flipping,1,0,154002.298
P2,Flipping,1,0,5872.0686
P2,Flipping,1,0,8414.0572
P2,Flipping,1,0,6409.0708
P2,Flipping,1,0,4640.0484
P2,Flipping,1,0,5373.0498
P2,Flipping,1,0,22210.0961
P2,Flipping,1,0,5488.0469
P2,Flipping,1,3,7676.0697
P2,Flipping,1,3,4050.0433
P2,Flipping,1,3,3716.0424
P2,Flipping,1,2,5639.041
P2,Flipping,1,2,3863.0413
P2,Flipping,1,2,4449.062
P2,Flipping,1,3,6535.0488
P2,Flipping,1,3,5240.0673
P2,Flipping,1,3,4018.0443
P2,Flipping,3,3,10569.0524
P2,Flipping,3,2,8005.0491
P2,Flipping,3,3,10741.0511
P2,Flipping,3,3,6405.048
P2,Flipping,3,3,4871.0429
P2,Flipping,3,0,8528.0514
P2,Flipping,3,2,8080.049
P2,Flipping,3,1,8643.0483
P2,Flipping,3,2,13333.1346
P2,Flipping,3,0,6578.0451
P2,Flipping,3,3,7862.0521
P2,Flipping,3,0,6476.0462
P2,Flipping,3,0,5813.0432
P2,Flipping,3,1,8967.0872
P2,Flipping,3,0,6438.0502
P2,Flipping,3,3,10914.052
P2,Flipping,3,3,4168.037
P2,Flipping,3,3,3707.0407
P2,Flipping,2,2,7467.0508
P2,Flipping,2,2,4294.0349
P2,Flipping,2,0,9018.053
P2,Flipping,2,0,6521.0812
P2,Flipping,2,0,5475.105
P2,Flipping,2,0,4639.0508
P2,Flipping,2,1,6254.0475
P2,Flipping,2,0,7174.0627
P2,Flipping,2,0,3902.0416
P2,Flipping,2,2,7491.0867
P2,Flipping,2,0,9815.11
P2,Flipping,2,2,8434.0516
P2,Flipping,2,2,6332.0461
P2,Flipping,2,2,3607.0345
P2,Flipping,2,3,10252.0488
P2,Flipping,2,1,6193.0442
P2,Flipping,2,1,5458.0664
P2,Flipping,2,2,7959.0767
P3,Home,3,3,10394.0514
P3,Home,3,0,9998.1012
P3,Home,3,3,8621.042
P3,Home,3,3,8282.0499
P3,Home,3,3,8144.0493
P3,Home,3,0,6576.0478
P3,Home,3,1,9414.0477
P3,Home,3,2,7330.0415
P3,Home,3,2,9095.0403
P3,Home,3,3,7775.0436
P3,Home,3,3,8153.0408
P3,Home,3,1,8574.1043
P3,Home,3,3,9110.0658
P3,Home,3,3,17473.0559
P3,Home,3,0,7367.057
P3,Home,3,2,7756.043
P3,Home,3,2,8760.0432
P3,Home,3,2,7024.0313
P3,RuntimeBar,1,1,8897.0458
P3,RuntimeBar,1,1,7213.0334
P3,RuntimeBar,1,1,8352.0411
P3,RuntimeBar,1,2,7725.0443
P3,RuntimeBar,1,2,12838.0553
P3,RuntimeBar,1,2,5669.0383
P3,RuntimeBar,1,1,7938.0408
P3,RuntimeBar,1,1,5730.0382
P3,RuntimeBar,1,1,5499.0364
P3,RuntimeBar,1,0,5943.0377
P3,RuntimeBar,1,0,6814.0396
P3,RuntimeBar,1,0,5717.038
P3,RuntimeBar,1,2,8439.0416
P3,RuntimeBar,1,2,6366.0386
P3,RuntimeBar,1,2,6564.0412
P3,RuntimeBar,1,3,10877.1032
P3,RuntimeBar,1,3,5660.0378
P3,RuntimeBar,1,3,6009.0388
P3,Home,2,0,8619.0433
P3,Home,2,1,8467.0471
P3,Home,2,0,6349.0468
P3,Home,2,3,8123.067
P3,Home,2,3,8807.0476
P3,Home,2,3,7002.038
P3,Home,2,2,9230.0601
P3,Home,2,2,6758.0431
P3,Home,2,2,6594.0335
P3,Home,2,1,6995.0382
P3,Home,2,0,6452.0373
P3,Home,2,0,6665.0397
P3,Home,2,0,5786.0363
P3,Home,2,3,7776.038
P3,Home,2,0,6463.036
P3,Home,2,1,8260.0501
P3,Home,2,0,6966.0757
P3,Home,2,0,5623.0387
P3,RuntimeBar,2,2,9285.0445
P3,RuntimeBar,2,2,8416.0392
P3,RuntimeBar,2,1,7813.0398
P3,RuntimeBar,2,1,9161.0436
P3,RuntimeBar,2,1,14396.0816
P3,RuntimeBar,2,1,8078.0466
P3,RuntimeBar,2,1,6528.0434
P3,RuntimeBar,2,2,7077.0387
P3,RuntimeBar,2,2,6508.0389
P3,RuntimeBar,2,3,7084.0405
P3,RuntimeBar,2,3,7538.042
P3,RuntimeBar,2,3,8362.0431
P3,RuntimeBar,2,3,7189.0359
P3,RuntimeBar,2,3,6777.0361
P3,RuntimeBar,2,3,5892.0427
P3,RuntimeBar,2,3,7524.0384
P3,RuntimeBar,2,3,5386.0277
P3,RuntimeBar,2,2,6843.0379
P3,Home,1,0,8177.0406
P3,Home,1,0,6469.0411
P3,Home,1,0,5698.0293
P3,Home,1,0,7802.0389
P3,Home,1,0,9401.0593
P3,Home,1,0,7908.0453
P3,Home,1,1,8292.0482
P3,Home,1,1,7864.0766
P3,Home,1,1,7298.0382
P3,Home,1,0,6135.0418
P3,Home,1,0,6816.0361
P3,Home,1,0,6882.0438
P3,Home,1,3,7293.0439
P3,Home,1,3,13496.0538
P3,Home,1,3,10884.1048
P3,Home,1,0,6108.0435
P3,Home,1,0,5946.0383
P3,Home,1,0,5884.0305
P3,RuntimeBar,3,0,14757.0548
P3,RuntimeBar,3,3,7204.0444
P3,RuntimeBar,3,0,6034.0388
P3,RuntimeBar,3,1,7419.0477
P3,RuntimeBar,3,3,7904.0442
P3,RuntimeBar,3,3,7545.0449
P3,RuntimeBar,3,1,7378.0367
P3,RuntimeBar,3,0,6086.0357
P3,RuntimeBar,3,1,6448.0323
P3,RuntimeBar,3,1,6049.0294
P3,RuntimeBar,3,1,6492.034
P3,RuntimeBar,3,1,9453.1149
P3,RuntimeBar,3,1,6561.0355
P3,RuntimeBar,3,1,6226.0372
P3,RuntimeBar,3,1,5590.0333
P3,RuntimeBar,3,1,5778.0342
P3,RuntimeBar,3,0,5607.0364
P3,RuntimeBar,3,1,5856.0331
P3,TapNFlip,3,0,20120.0282
P3,TapNFlip,3,1,16745.0234
P3,TapNFlip,3,0,8785.0123
P3,TapNFlip,3,1,8165.0114
P3,TapNFlip,3,3,10020.0141
P3,TapNFlip,3,0,6590.0092
P3,TapNFlip,3,1,9220.0129
P3,TapNFlip,3,2,7440.0104
P3,TapNFlip,3,1,8215.0115
P3,TapNFlip,3,0,6120.0086
P3,TapNFlip,3,0,4880.0068
P3,TapNFlip,3,3,6940.0097
P3,TapNFlip,3,3,6300.0089
P3,TapNFlip,3,3,6930.0097
P3,TapNFlip,3,0,4790.0067
P3,TapNFlip,3,3,7415.0104
P3,TapNFlip,3,1,15090.0211
P3,TapNFlip,3,3,8315.0116
P3,Flipping,1,1,13482.0594
P3,Flipping,1,1,11375.1719
P3,Flipping,1,1,7560.1105
P3,Flipping,1,2,11553.0593
P3,Flipping,1,2,6497.1222
P3,Flipping,1,2,7874.1253
P3,Flipping,1,2,11883.0813
P3,Flipping,1,2,5066.0646
P3,Flipping,1,2,6295.0401
P3,Flipping,1,2,10376.0492
P3,Flipping,1,2,8071.1503
P3,Flipping,1,2,5469.0698
P3,Flipping,1,0,5462.0454
P3,Flipping,1,0,7997.1134
P3,Flipping,1,0,6588.0669
P3,Flipping,1,2,8955.1158
P3,Flipping,1,2,7410.2031
P3,Flipping,1,2,7088.1234
P3,TapNFlip,2,0,5480.0076
P3,TapNFlip,2,0,6775.4113
P3,TapNFlip,2,0,59276.3867
P3,TapNFlip,2,1,6020.0085
P3,TapNFlip,2,1,8395.0117
P3,TapNFlip,2,1,8340.0117
P3,TapNFlip,2,0,3630.0051
P3,TapNFlip,2,0,3750.0052
P3,TapNFlip,2,0,2720.0038
P3,TapNFlip,2,2,4425.0062
P3,TapNFlip,2,0,4455.0063
P3,TapNFlip,2,0,2985.0042
P3,TapNFlip,2,2,4710.0065
P3,TapNFlip,2,1,12505.0176
P3,TapNFlip,2,2,6850.0095
P3,TapNFlip,2,3,6215.0087
P3,TapNFlip,2,3,7580.0106
P3,TapNFlip,2,3,6850.0096
P3,Flipping,2,0,84276.1557
P3,Flipping,2,0,4850.0654
P3,Flipping,2,0,6144.0992
P3,Flipping,2,0,6803.0496
P3,Flipping,2,0,7092.043
P3,Flipping,2,0,5096.0457
P3,Flipping,2,3,7562.0793
P3,Flipping,2,3,5225.079
P3,Flipping,2,3,3747.0391
P3,Flipping,2,0,4472.041
P3,Flipping,2,0,6551.0438
P3,Flipping,2,0,5749.0526
P3,Flipping,2,0,6043.0444
P3,Flipping,2,0,3665.0417
P3,Flipping,2,1,7398.0445
P3,Flipping,2,1,7921.0422
P3,Flipping,2,1,11886.0454
P3,Flipping,2,1,4842.0434
P3,TapNFlip,1,3,8265.0115
P3,TapNFlip,1,3,3100.0044
P3,TapNFlip,1,3,2430.0034
P3,TapNFlip,1,2,7220.0101
P3,TapNFlip,1,2,2375.0033
P3,TapNFlip,1,2,2730.0038
P3,TapNFlip,1,2,5200.0073
P3,TapNFlip,1,2,2480.0035
P3,TapNFlip,1,2,2150.003
P3,TapNFlip,1,3,4130.0058
P3,TapNFlip,1,3,2075.0029
P3,TapNFlip,1,3,1880.0026
P3,TapNFlip,1,2,10180.0143
P3,TapNFlip,1,2,2110.003
P3,TapNFlip,1,2,2120.0029
P3,TapNFlip,1,3,4080.0057
P3,TapNFlip,1,3,1995.0028
P3,TapNFlip,1,3,1855.0026
P3,Flipping,3,0,19650.2758
P3,Flipping,3,1,9482.0494
P3,Flipping,3,1,4285.0361
P3,Flipping,3,1,8357.1003
P3,Flipping,3,1,4810.0714
P3,Flipping,3,1,3822.0451
P3,Flipping,3,3,6692.1049
P3,Flipping,3,3,3773.066
P3,Flipping,3,0,7054.0447
P3,Flipping,3,0,4066.0367
P3,Flipping,3,1,8073.0383
P3,Flipping,3,1,4338.0408
P3,Flipping,3,1,6406.0872
P3,Flipping,3,0,5840.0639
P3,Flipping,3,0,6573.085
P3,Flipping,3,0,4487.0429
P3,Flipping,3,0,7005.0453
P3,Flipping,3,3,9398.049
P4,RuntimeBar,1,2,12875.0181
P4,RuntimeBar,1,2,10205.0676
P4,RuntimeBar,1,2,8645.0843
P4,RuntimeBar,1,2,11297.0533
P4,RuntimeBar,1,2,7028.0497
P4,RuntimeBar,1,2,8668.0502
P4,RuntimeBar,1,2,10752.0852
P4,RuntimeBar,1,2,8069.0567
P4,RuntimeBar,1,2,8102.0508
P4,RuntimeBar,1,1,11104.0978
P4,RuntimeBar,1,1,8725.0538
P4,RuntimeBar,1,1,22076.0974
P4,RuntimeBar,1,1,12202.0559
P4,RuntimeBar,1,1,7575.0614
P4,RuntimeBar,1,1,9303.127
P4,RuntimeBar,1,3,10025.0584
P4,RuntimeBar,1,3,7991.0576
P4,RuntimeBar,1,3,6716.0513
P4,RuntimeBar,2,1,11314.0496
P4,RuntimeBar,2,1,10504.0542
P4,RuntimeBar,2,1,6956.0701
P4,RuntimeBar,2,1,7739.0677
P4,RuntimeBar,2,3,10845.0152
P4,RuntimeBar,2,3,6590.0092
P4,RuntimeBar,2,0,6790.0095
P4,RuntimeBar,2,2,7955.0111
P4,RuntimeBar,2,2,6590.0093
P4,RuntimeBar,2,1,10350.0485
P4,RuntimeBar,2,0,9242.0485
P4,RuntimeBar,2,0,8755.0122
P4,RuntimeBar,2,3,9155.0128
P4,RuntimeBar,2,1,7700.0108
P4,RuntimeBar,2,1,8340.0117
P4,RuntimeBar,2,0,8051.0479
P4,RuntimeBar,2,0,17495.0708
P4,RuntimeBar,2,0,6765.0095
P4,Home,3,3,12398.051
P4,Home,3,2,12704.0928
P4,Home,3,0,8194.0714
P4,Home,3,1,8094.0483
P4,Home,3,2,11120.0156
P4,Home,3,2,15400.0216
P4,Home,3,0,10345.0144
P4,Home,3,3,11979.0558
P4,Home,3,3,11640.0163
P4,Home,3,1,8930.0125
P4,Home,3,0,8377.0467
P4,Home,3,2,8003.0418
P4,Home,3,3,8102.0503
P4,Home,3,3,9146.0516
P4,Home,3,0,8785.0511
P4,Home,3,3,9615.0564
P4,Home,3,1,9212.0524
P4,Home,3,1,8945.0482
P4,RuntimeBar,3,1,9324.0559
P4,RuntimeBar,3,0,8071.0538
P4,RuntimeBar,3,1,7485.0105
P4,RuntimeBar,3,0,8409.0468
P4,RuntimeBar,3,2,14030.0813
P4,RuntimeBar,3,0,8228.06
P4,RuntimeBar,3,3,17549.0664
P4,RuntimeBar,3,3,7375.0103
P4,RuntimeBar,3,3,7540.0105
P4,RuntimeBar,3,1,9525.0725
P4,RuntimeBar,3,1,8425.0118
P4,RuntimeBar,3,2,10542.0648
P4,RuntimeBar,3,3,14207.061
P4,RuntimeBar,3,1,9712.1022
P4,RuntimeBar,3,1,8423.0493
P4,RuntimeBar,3,1,8600.0121
P4,RuntimeBar,3,1,8133.0397
P4,RuntimeBar,3,1,8342.0701
P4,Home,2,2,8265.0115
P4,Home,2,3,8310.0117
P4,Home,2,3,8368.047
P4,Home,2,1,8750.0123
P4,Home,2,1,7445.0455
P4,Home,2,1,6205.0087
P4,Home,2,3,9280.013
P4,Home,2,2,7795.0109
P4,Home,2,2,7956.05
P4,Home,2,2,7327.0483
P4,Home,2,2,6605.0093
P4,Home,2,2,6715.0094
P4,Home,2,2,86635.1213
P4,Home,2,1,9020.0126
P4,Home,2,2,7650.0107
P4,Home,2,3,8648.0424
P4,Home,2,3,7275.0102
P4,Home,2,3,8763.0389
P4,Flipping,1,1,72440.1015
P4,Flipping,1,1,6625.0092
P4,Flipping,1,1,7165.0101
P4,Flipping,1,1,8340.0117
P4,Flipping,1,1,6875.0096
P4,Flipping,1,1,7275.0102
P4,Flipping,1,0,18685.0694
P4,Flipping,1,0,13120.0183
P4,Flipping,1,0,5264.074
P4,Flipping,1,2,6840.0442
P4,Flipping,1,2,5695.0685
P4,Flipping,1,2,5097.0536
P4,Flipping,1,0,5691.0473
P4,Flipping,1,0,4237.0449
P4,Flipping,1,0,4242.0431
P4,Flipping,1,3,9570.0748
P4,Flipping,1,3,5319.0529
P4,Flipping,1,3,5394.0463
P4,Home,1,2,58918.932
P4,Home,1,2,9391.067
P4,Home,1,2,8291.0555
P4,Home,1,2,30679.1347
P4,Home,1,2,11425.016
P4,Home,1,2,11016.0556
P4,Home,1,2,9278.0517
P4,Home,1,2,9324.059
P4,Home,1,2,9076.0588
P4,Home,1,0,7348.054
P4,Home,1,0,8069.0659
P4,Home,1,0,9408.0775
P4,Home,1,2,9204.0542
P4,Home,1,2,10350.0144
P4,Home,1,2,8490.0462
P4,Home,1,3,9179.0508
P4,Home,1,3,10473.0511
P4,Home,1,3,8567.0481
P4,Flipping,2,0,14577.0791
P4,Flipping,2,0,4435.0062
P4,Flipping,2,0,9615.0135
P4,Flipping,2,2,8335.0117
P4,Flipping,2,2,5395.0075
P4,Flipping,2,2,13255.0186
P4,Flipping,2,0,5225.0073
P4,Flipping,2,0,4980.007
P4,Flipping,2,2,9430.0132
P4,Flipping,2,1,7110.0099
P4,Flipping,2,1,7385.0104
P4,Flipping,2,1,4470.0062
P4,Flipping,2,0,5800.0081
P4,Flipping,2,0,5080.0072
P4,Flipping,2,0,4175.0058
P4,Flipping,2,2,7860.011
P4,Flipping,2,0,6550.0092
P4,Flipping,2,2,8360.0117
P4,TapNFlip,3,0,7770.0109
P4,TapNFlip,3,3,8000.0112
P4,TapNFlip,3,0,5800.0081
P4,TapNFlip,3,2,6915.0097
P4,TapNFlip,3,1,7040.0099
P4,TapNFlip,3,1,7475.0104
P4,TapNFlip,3,1,5465.0077
P4,TapNFlip,3,1,3075.0043
P4,TapNFlip,3,1,2795.0039
P4,TapNFlip,3,1,4610.0065
P4,TapNFlip,3,3,8315.0116
P4,TapNFlip,3,2,10545.0148
P4,TapNFlip,3,2,5025.007
P4,TapNFlip,3,1,6270.0088
P4,TapNFlip,3,2,6320.0088
P4,TapNFlip,3,2,9685.0136
P4,TapNFlip,3,2,8875.0124
P4,TapNFlip,3,2,8645.0121
P4,Flipping,3,3,9460.0133
P4,Flipping,3,2,9155.0128
P4,Flipping,3,2,4575.0064
P4,Flipping,3,2,7315.0102
P4,Flipping,3,3,10510.0147
P4,Flipping,3,3,6395.009
P4,Flipping,3,1,6400.009
P4,Flipping,3,1,9925.0139
P4,Flipping,3,1,4495.0062
P4,Flipping,3,1,7060.0098
P4,Flipping,3,0,6745.0095
P4,Flipping,3,0,7250.0101
P4,Flipping,3,2,9485.0133
P4,Flipping,3,2,4725.0066
P4,Flipping,3,2,9400.0132
P4,Flipping,3,1,7655.0107
P4,Flipping,3,1,8165.0114
P4,Flipping,3,2,9175.0129
P4,TapNFlip,2,3,6645.0093
P4,TapNFlip,2,1,5690.0079
P4,TapNFlip,2,3,10245.0144
P4,TapNFlip,2,1,12115.0169
P4,TapNFlip,2,1,6395.009
P4,TapNFlip,2,2,11515.0161
P4,TapNFlip,2,1,11800.0165
P4,TapNFlip,2,2,6725.0095
P4,TapNFlip,2,2,2530.0035
P4,TapNFlip,2,2,8225.0115
P4,TapNFlip,2,3,7840.011
P4,TapNFlip,2,2,6720.0094
P4,TapNFlip,2,1,5270.0074
P4,TapNFlip,2,1,5225.0073
P4,TapNFlip,2,1,2885.004
P4,TapNFlip,2,2,9350.0131
P4,TapNFlip,2,3,7260.0102
P4,TapNFlip,2,3,2860.004
P4,TapNFlip,1,1,5295.0074
P4,TapNFlip,1,1,2490.0035
P4,TapNFlip,1,1,2465.0035
P4,TapNFlip,1,0,3775.0052
P4,TapNFlip,1,0,2610.0037
P4,TapNFlip,1,0,2315.0032
P4,TapNFlip,1,1,4315.0061
P4,TapNFlip,1,1,2305.0032
P4,TapNFlip,1,1,2165.003
P4,TapNFlip,1,1,4880.0068
P4,TapNFlip,1,1,3225.0045
P4,TapNFlip,1,1,2615.0037
P4,TapNFlip,1,1,5065.0071
P4,TapNFlip,1,1,3030.0042
P4,TapNFlip,1,1,2465.0035
P4,TapNFlip,1,2,5205.0073
P4,TapNFlip,1,2,2725.0038
P4,TapNFlip,1,2,2470.0034
P5,RuntimeBar,2,2,34285.048
P5,RuntimeBar,2,1,42855.06
P5,RuntimeBar,2,2,16820.0236
P5,RuntimeBar,2,3,19490.0273
P5,RuntimeBar,2,3,13775.0192
P5,RuntimeBar,2,3,15390.0216
P5,RuntimeBar,2,2,33140.0464
P5,RuntimeBar,2,0,22850.032
P5,RuntimeBar,2,0,13860.0194
P5,RuntimeBar,2,0,15740.022
P5,RuntimeBar,2,3,15695.022
P5,RuntimeBar,2,0,14850.0208
P5,RuntimeBar,2,2,18505.0259
P5,RuntimeBar,2,1,11220.0157
P5,RuntimeBar,2,1,22320.0312
P5,RuntimeBar,2,0,10890.0153
P5,RuntimeBar,2,0,8725.0122
P5,RuntimeBar,2,0,15385.0215
P5,RuntimeBar,3,3,21970.0307
P5,RuntimeBar,3,3,13425.0188
P5,RuntimeBar,3,0,10230.0143
P5,RuntimeBar,3,0,8095.0114
P5,RuntimeBar,3,1,13150.0184
P5,RuntimeBar,3,3,15645.0219
P5,RuntimeBar,3,2,15570.0218
P5,RuntimeBar,3,2,7570.0106
P5,RuntimeBar,3,2,7520.0105
P5,RuntimeBar,3,0,12015.0168
P5,RuntimeBar,3,3,16645.0233
P5,RuntimeBar,3,1,12095.017
P5,RuntimeBar,3,0,7915.0111
P5,RuntimeBar,3,1,12070.0168
P5,RuntimeBar,3,1,6810.0096
P5,RuntimeBar,3,0,9665.0135
P5,RuntimeBar,3,0,6535.0092
P5,RuntimeBar,3,0,6860.0096
P5,RuntimeBar,1,1,10480.0147
P5,RuntimeBar,1,1,6870.0096
P5,RuntimeBar,1,1,7260.0102
P5,RuntimeBar,1,3,9710.0136
P5,RuntimeBar,1,3,7230.0101
P5,RuntimeBar,1,3,6435.009
P5,RuntimeBar,1,0,9690.0136
P5,RuntimeBar,1,0,7025.0098
P5,RuntimeBar,1,0,5985.0084
P5,RuntimeBar,1,3,9260.0129
P5,RuntimeBar,1,3,12985.0182
P5,RuntimeBar,1,3,15730.022
P5,RuntimeBar,1,2,13430.0188
P5,RuntimeBar,1,2,8470.0119
P5,RuntimeBar,1,2,5980.0084
P5,RuntimeBar,1,2,13500.0189
P5,RuntimeBar,1,2,7360.0103
P5,RuntimeBar,1,2,6905.0097
P5,Flipping,1,2,39502.2529
P5,Flipping,1,2,12630.0177
P5,Flipping,1,2,7810.011
P5,Flipping,1,3,13790.0193
P5,Flipping,1,3,10805.0151
P5,Flipping,1,3,15725.022
P5,Flipping,1,1,12580.0176
P5,Flipping,1,1,9990.014
P5,Flipping,1,1,8115.0114
P5,Flipping,1,0,10205.0143
P5,Flipping,1,0,8355.0117
P5,Flipping,1,0,8260.0115
P5,Flipping,1,2,13160.0185
P5,Flipping,1,2,11260.0157
P5,Flipping,1,2,6385.009
P5,Flipping,1,3,13355.0187
P5,Flipping,1,3,7850.011
P5,Flipping,1,3,7980.0111
P5,Home,3,2,29881.089
P5,Home,3,2,12860.018
P5,Home,3,0,9985.014
P5,Home,3,1,12265.0172
P5,Home,3,2,13545.0189
P5,Home,3,2,13325.0187
P5,Home,3,3,13590.019
P5,Home,3,2,11110.0156
P5,Home,3,3,14420.0202
P5,Home,3,0,42605.0596
P5,Home,3,0,11910.0167
P5,Home,3,0,10290.0144
P5,Home,3,1,11105.0155
P5,Home,3,1,12380.0173
P5,Home,3,0,9415.0132
P5,Home,3,1,11385.0159
P5,Home,3,3,12610.0177
P5,Home,3,3,13810.0193
P5,Flipping,2,3,50150.0702
P5,Flipping,2,3,11725.0165
P5,Flipping,2,3,19100.0267
P5,Flipping,2,0,9320.0131
P5,Flipping,2,1,13975.0195
P5,Flipping,2,0,16735.0234
P5,Flipping,2,3,30855.0432
P5,Flipping,2,3,6420.009
P5,Flipping,2,3,11985.0168
P5,Flipping,2,0,9535.0134
P5,Flipping,2,2,15545.0217
P5,Flipping,2,0,31090.0436
P5,Flipping,2,0,8015.0112
P5,Flipping,2,0,12240.0171
P5,Flipping,2,0,7035.0099
P5,Flipping,2,1,10305.0144
P5,Flipping,2,0,18530.0259
P5,Flipping,2,0,10895.0153
P5,Home,2,2,15231.0685
P5,Home,2,2,14350.0201
P5,Home,2,0,13545.0189
P5,Home,2,0,12016.0599
P5,Home,2,0,11585.0162
P5,Home,2,1,14170.0198
P5,Home,2,3,15555.0218
P5,Home,2,1,13240.0186
P5,Home,2,1,13355.0187
P5,Home,2,0,10925.0153
P5,Home,2,0,11330.0158
P5,Home,2,0,12458.0584
P5,Home,2,2,14475.0202
P5,Home,2,1,15350.0215
P5,Home,2,1,12325.0173
P5,Home,2,1,10620.0148
P5,Home,2,1,11560.0162
P5,Home,2,3,13480.0189
P5,Flipping,3,1,74540.1043
P5,Flipping,3,1,23020.0323
P5,Flipping,3,1,7905.011
P5,Flipping,3,2,94215.1319
P5,Flipping,3,3,23715.0332
P5,Flipping,3,3,12450.0175
P5,Flipping,3,1,16305.0228
P5,Flipping,3,3,17165.024
P5,Flipping,3,1,19240.027
P5,Flipping,3,2,10790.0151
P5,Flipping,3,3,16150.0226
P5,Flipping,3,2,13065.0183
P5,Flipping,3,3,12695.0178
P5,Flipping,3,1,14870.0208
P5,Flipping,3,1,20865.0292
P5,Flipping,3,2,20085.0281
P5,Flipping,3,3,30880.0433
P5,Flipping,3,2,21635.0302
P5,Home,1,1,20435.0286
P5,Home,1,1,10815.0151
P5,Home,1,1,13445.0188
P5,Home,1,2,11380.016
P5,Home,1,2,13540.0189
P5,Home,1,2,11955.0168
P5,Home,1,0,8870.0124
P5,Home,1,0,8625.0121
P5,Home,1,0,12035.0168
P5,Home,1,1,10970.0154
P5,Home,1,1,21855.0306
P5,Home,1,1,11340.0158
P5,Home,1,0,8050.0113
P5,Home,1,0,8475.0119
P5,Home,1,0,7602.0551
P5,Home,1,2,9820.0137
P5,Home,1,2,10680.015
P5,Home,1,2,10685.0149
P5,TapNFlip,1,3,23830.0333
P5,TapNFlip,1,3,5660.008
P5,TapNFlip,1,3,3895.0054
P5,TapNFlip,1,0,4970.007
P5,TapNFlip,1,0,3780.0053
P5,TapNFlip,1,0,3590.005
P5,TapNFlip,1,0,6030.0084
P5,TapNFlip,1,0,4225.006
P5,TapNFlip,1,0,3510.0049
P5,TapNFlip,1,0,5005.007
P5,TapNFlip,1,0,5070.0071
P5,TapNFlip,1,0,3550.005
P5,TapNFlip,1,2,7895.011
P5,TapNFlip,1,2,3305.0046
P5,TapNFlip,1,2,3760.0053
P5,TapNFlip,1,3,9785.0137
P5,TapNFlip,1,3,3580.005
P5,TapNFlip,1,3,2985.0042
P5,TapNFlip,3,1,6845.0095
P5,TapNFlip,3,3,12065.0169
P5,TapNFlip,3,1,14465.0203
P5,TapNFlip,3,3,14110.0198
P5,TapNFlip,3,1,9025.0126
P5,TapNFlip,3,2,9560.0134
P5,TapNFlip,3,1,6515.0091
P5,TapNFlip,3,1,4145.0058
P5,TapNFlip,3,1,3295.0046
P5,TapNFlip,3,2,10825.0152
P5,TapNFlip,3,2,3875.0054
P5,TapNFlip,3,2,3025.0042
P5,TapNFlip,3,0,7550.0106
P5,TapNFlip,3,3,11760.0165
P5,TapNFlip,3,1,8460.0118
P5,TapNFlip,3,1,8215.0115
P5,TapNFlip,3,2,11420.016
P5,TapNFlip,3,3,9760.0137
P5,TapNFlip,2,0,8150.0114
P5,TapNFlip,2,0,7130.01
P5,TapNFlip,2,0,6025.0084
P5,TapNFlip,2,0,5040.0071
P5,TapNFlip,2,0,7795.0109
P5,TapNFlip,2,3,11075.0155
P5,TapNFlip,2,1,6555.0092
P5,TapNFlip,2,1,4525.0063
P5,TapNFlip,2,1,4010.0056
P5,TapNFlip,2,2,7590.0107
P5,TapNFlip,2,2,8640.012
P5,TapNFlip,2,2,3405.0048
P5,TapNFlip,2,1,7910.0111
P5,TapNFlip,2,1,3600.005
P5,TapNFlip,2,2,8510.0119
P5,TapNFlip,2,3,8300.0117
P5,TapNFlip,2,3,3755.0052
P5,TapNFlip,2,3,4110.0058
P6,RuntimeBar,3,2,17040.0238
P6,RuntimeBar,3,0,10545.0148
P6,RuntimeBar,3,2,9050.0127
P6,RuntimeBar,3,3,8515.0119
P6,RuntimeBar,3,1,8060.0113
P6,RuntimeBar,3,1,8710.0122
P6,RuntimeBar,3,2,10900.0152
P6,RuntimeBar,3,2,6970.0098
P6,RuntimeBar,3,2,7790.0109
P6,RuntimeBar,3,3,9625.0135
P6,RuntimeBar,3,3,7200.01
P6,RuntimeBar,3,1,7890.0111
P6,RuntimeBar,3,2,7620.0107
P6,RuntimeBar,3,0,6530.0091
P6,RuntimeBar,3,2,6955.0097
P6,RuntimeBar,3,1,6615.0093
P6,RuntimeBar,3,1,6365.0089
P6,RuntimeBar,3,1,7355.0103
P6,Flipping,1,2,34510.0483
P6,Flipping,1,2,6095.0085
P6,Flipping,1,2,5300.0074
P6,Flipping,1,3,8920.0125
P6,Flipping,1,3,5330.0075
P6,Flipping,1,3,6235.0087
P6,Flipping,1,1,7850.011
P6,Flipping,1,1,9850.0138
P6,Flipping,1,1,8765.0123
P6,Flipping,1,0,5575.0078
P6,Flipping,1,0,4975.007
P6,Flipping,1,0,4385.0061
P6,Flipping,1,1,8395.0117
P6,Flipping,1,1,4530.0064
P6,Flipping,1,1,8805.0123
P6,Flipping,1,2,9370.0131
P6,Flipping,1,2,5655.0079
P6,Flipping,1,2,7115.01
P6,RuntimeBar,2,0,17690.0248
P6,RuntimeBar,2,0,6520.0091
P6,RuntimeBar,2,1,7875.011
P6,RuntimeBar,2,2,7325.0103
P6,RuntimeBar,2,2,14230.0199
P6,RuntimeBar,2,2,6920.0097
P6,RuntimeBar,2,3,9035.0126
P6,RuntimeBar,2,3,6305.0088
P6,RuntimeBar,2,3,5165.0073
P6,RuntimeBar,2,1,6955.0097
P6,RuntimeBar,2,3,7745.0109
P6,RuntimeBar,2,1,6325.0088
P6,RuntimeBar,2,1,7755.0109
P6,RuntimeBar,2,1,8415.0118
P6,RuntimeBar,2,1,5940.0083
P6,RuntimeBar,2,2,8940.0125
P6,RuntimeBar,2,2,8420.0118
P6,RuntimeBar,2,2,5160.0072
P6,Flipping,2,3,28475.0399
P6,Flipping,2,1,23480.0329
P6,Flipping,2,1,7545.0105
P6,Flipping,2,1,11720.0164
P6,Flipping,2,2,16715.0234
P6,Flipping,2,2,6130.0086
P6,Flipping,2,2,13935.0195
P6,Flipping,2,2,5830.0082
P6,Flipping,2,3,11200.0157
P6,Flipping,2,1,9405.0131
P6,Flipping,2,1,6500.0091
P6,Flipping,2,1,4990.007
P6,Flipping,2,1,7115.01
P6,Flipping,2,0,8100.0113
P6,Flipping,2,1,10900.0153
P6,Flipping,2,3,11850.0166
P6,Flipping,2,3,4700.0066
P6,Flipping,2,0,6675.0093
P6,RuntimeBar,1,3,14355.0201
P6,RuntimeBar,1,3,8775.0123
P6,RuntimeBar,1,3,6215.0087
P6,RuntimeBar,1,0,5875.0083
P6,RuntimeBar,1,0,9390.0131
P6,RuntimeBar,1,0,9065.0127
P6,RuntimeBar,1,3,8180.0115
P6,RuntimeBar,1,3,5310.0074
P6,RuntimeBar,1,3,4750.0066
P6,RuntimeBar,1,3,8320.0117
P6,RuntimeBar,1,3,6185.0087
P6,RuntimeBar,1,3,5280.0073
P6,RuntimeBar,1,3,8585.0121
P6,RuntimeBar,1,3,5540.0077
P6,RuntimeBar,1,3,5340.0075
P6,RuntimeBar,1,2,7440.0104
P6,RuntimeBar,1,2,4735.0066
P6,RuntimeBar,1,2,6735.0095
P6,Flipping,3,2,33045.0462
P6,Flipping,3,1,10190.0143
P6,Flipping,3,1,11345.0159
P6,Flipping,3,3,6455.009
P6,Flipping,3,3,9120.0128
P6,Flipping,3,3,8770.0123
P6,Flipping,3,3,6935.0097
P6,Flipping,3,3,4450.0062
P6,Flipping,3,3,8360.0117
P6,Flipping,3,1,6130.0086
P6,Flipping,3,1,3695.0052
P6,Flipping,3,1,3345.0047
P6,Flipping,3,0,5360.0075
P6,Flipping,3,3,8895.0124
P6,Flipping,3,1,11135.0156
P6,Flipping,3,2,6630.0093
P6,Flipping,3,1,12990.0182
P6,Flipping,3,1,10325.0145
P6,Home,3,1,12870.0181
P6,Home,3,1,8510.0119
P6,Home,3,1,10520.0147
P6,Home,3,3,8415.0118
P6,Home,3,1,7420.0104
P6,Home,3,2,7325.0102
P6,Home,3,1,7060.0099
P6,Home,3,1,6510.0091
P6,Home,3,0,7705.0108
P6,Home,3,3,7665.0108
P6,Home,3,2,6725.0094
P6,Home,3,2,8375.0117
P6,Home,3,0,8075.0571
P6,Home,3,2,6770.0094
P6,Home,3,0,5810.0082
P6,Home,3,3,6950.0097
P6,Home,3,0,4860.0068
P6,Home,3,3,10196.9927
P6,TapNFlip,1,0,16062.9187
P6,TapNFlip,1,0,3964.2268
P6,TapNFlip,1,0,2793.1597
P6,TapNFlip,1,2,6453.2523
P6,TapNFlip,1,2,2775.1587
P6,TapNFlip,1,2,2624.1501
P6,TapNFlip,1,0,5880.0992
P6,TapNFlip,1,0,2412.1379
P6,TapNFlip,1,0,2576.1474
P6,TapNFlip,1,1,4159.2033
P6,TapNFlip,1,1,2591.1482
P6,TapNFlip,1,1,3868.2213
P6,TapNFlip,1,1,6031.6853
P6,TapNFlip,1,1,3424.1959
P6,TapNFlip,1,1,2656.1519
P6,TapNFlip,1,0,4308.2465
P6,TapNFlip,1,0,3375.193
P6,TapNFlip,1,0,4760.2723
P6,Home,2,1,12054.3787
P6,Home,2,1,5800.4782
P6,Home,2,1,7979.1889
P6,Home,2,3,7743.6621
P6,Home,2,3,8191.5284
P6,Home,2,0,6528.3734
P6,Home,2,3,6763.4771
P6,Home,2,3,9956.1766
P6,Home,2,3,8435.9562
P6,Home,2,1,6999.4992
P6,Home,2,1,6531.1148
P6,Home,2,0,7120.4072
P6,Home,2,1,6927.1244
P6,Home,2,1,6307.3045
P6,Home,2,3,6856.0988
P6,Home,2,3,7263.2728
P6,Home,2,3,7259.6777
P6,Home,2,3,8364.1115
P6,TapNFlip,2,1,15723.373
P6,TapNFlip,2,1,4080.2334
P6,TapNFlip,2,3,14879.381
P6,TapNFlip,2,2,6852.0985
P6,TapNFlip,2,2,2724.1558
P6,TapNFlip,2,3,7776.173
P6,TapNFlip,2,3,8360.1674
P6,TapNFlip,2,3,2699.1544
P6,TapNFlip,2,3,2436.1393
P6,TapNFlip,2,2,5468.2219
P6,TapNFlip,2,2,3244.1856
P6,TapNFlip,2,2,2971.1699
P6,TapNFlip,2,3,5960.1982
P6,TapNFlip,2,3,2520.1441
P6,TapNFlip,2,0,4868.2784
P6,TapNFlip,2,1,4899.6422
P6,TapNFlip,2,1,2352.1346
P6,TapNFlip,2,1,2568.1469
P6,Home,1,2,17778.6587
P6,Home,1,2,5391.8426
P6,Home,1,2,5983.0704
P6,Home,1,1,5879.6463
P6,Home,1,1,5355.0518
P6,Home,1,1,5735.871
P6,Home,1,0,6007.3436
P6,Home,1,0,4924.2816
P6,Home,1,0,6224.356
P6,Home,1,3,6463.8478
P6,Home,1,3,6900.2866
P6,Home,1,3,7786.945
P6,Home,1,3,8487.3514
P6,Home,1,3,7820.089
P6,Home,1,3,6907.4723
P6,Home,1,2,6095.2578
P6,Home,1,2,7803.7694
P6,Home,1,2,7152.2664
P6,TapNFlip,3,2,22491.8251
P6,TapNFlip,3,3,7043.4028
P6,TapNFlip,3,0,5136.2938
P6,TapNFlip,3,0,4119.2356
P6,TapNFlip,3,0,5391.3084
P6,TapNFlip,3,1,5511.6815
P6,TapNFlip,3,3,5955.8879
P6,TapNFlip,3,1,6131.3507
P6,TapNFlip,3,3,10327.7414
P6,TapNFlip,3,1,5604.0401
P6,TapNFlip,3,1,3716.2125
P6,TapNFlip,3,1,3008.1721
P6,TapNFlip,3,3,6363.6524
P6,TapNFlip,3,2,7120.4073
P6,TapNFlip,3,2,4707.2693
P6,TapNFlip,3,3,7100.6686
P6,TapNFlip,3,1,7047.4031
P6,TapNFlip,3,2,7812.0157
P7,Flipping,1,0,15875.0222
P7,Flipping,1,0,5250.0074
P7,Flipping,1,0,5875.0082
P7,Flipping,1,2,14285.02
P7,Flipping,1,2,5460.0076
P7,Flipping,1,2,4765.0067
P7,Flipping,1,1,12485.0175
P7,Flipping,1,1,4505.0063
P7,Flipping,1,1,4250.0059
P7,Flipping,1,3,7705.0108
P7,Flipping,1,3,4190.0059
P7,Flipping,1,3,4600.0064
P7,Flipping,1,1,9550.0134
P7,Flipping,1,1,5015.007
P7,Flipping,1,1,5655.0079
P7,Flipping,1,1,7420.0104
P7,Flipping,1,1,4095.0058
P7,Flipping,1,1,4150.0058
P7,Flipping,2,0,8870.0124
P7,Flipping,2,1,13970.0195
P7,Flipping,2,0,8085.0114
P7,Flipping,2,2,8340.0116
P7,Flipping,2,2,8495.0119
P7,Flipping,2,2,7780.0109
P7,Flipping,2,1,5450.0077
P7,Flipping,2,1,3895.0054
P7,Flipping,2,1,3505.0049
P7,Flipping,2,1,5665.0079
P7,Flipping,2,1,11955.0168
P7,Flipping,2,1,3580.005
P7,Flipping,2,1,5845.0082
P7,Flipping,2,1,4035.0056
P7,Flipping,2,1,4030.0057
P7,Flipping,2,3,6515.0091
P7,Flipping,2,3,3250.0045
P7,Flipping,2,3,3320.0047
P7,RuntimeBar,3,1,25315.0355
P7,RuntimeBar,3,1,11115.0155
P7,RuntimeBar,3,2,10695.015
P7,RuntimeBar,3,1,8030.0113
P7,RuntimeBar,3,2,9475.0132
P7,RuntimeBar,3,2,7270.0102
P7,RuntimeBar,3,0,10050.0141
P7,RuntimeBar,3,1,7110.0099
P7,RuntimeBar,3,1,7580.0106
P7,RuntimeBar,3,0,10020.0141
P7,RuntimeBar,3,0,11820.0165
P7,RuntimeBar,3,2,8980.0126
P7,RuntimeBar,3,0,9080.0127
P7,RuntimeBar,3,0,9060.0127
P7,RuntimeBar,3,0,9015.0126
P7,RuntimeBar,3,0,8030.0113
P7,RuntimeBar,3,3,9775.0136
P7,RuntimeBar,3,0,7035.0099
P7,Flipping,3,1,36045.0505
P7,Flipping,3,2,13250.0186
P7,Flipping,3,2,7585.0106
P7,Flipping,3,0,8330.0116
P7,Flipping,3,2,13705.0192
P7,Flipping,3,0,12475.0175
P7,Flipping,3,1,8735.0122
P7,Flipping,3,2,11240.0158
P7,Flipping,3,0,9815.0137
P7,Flipping,3,0,7325.0103
P7,Flipping,3,2,9240.0129
P7,Flipping,3,2,9350.0131
P7,Flipping,3,1,6505.0091
P7,Flipping,3,1,8605.012
P7,Flipping,3,1,5680.008
P7,Flipping,3,1,10750.0151
P7,Flipping,3,2,9475.0132
P7,Flipping,3,2,9550.0134
P7,RuntimeBar,2,2,29070.0407
P7,RuntimeBar,2,3,10845.0152
P7,RuntimeBar,2,3,5935.0083
P7,RuntimeBar,2,2,7620.0107
P7,RuntimeBar,2,2,6450.009
P7,RuntimeBar,2,2,6865.0096
P7,RuntimeBar,2,3,8285.0116
P7,RuntimeBar,2,3,8295.0116
P7,RuntimeBar,2,0,6880.0096
P7,RuntimeBar,2,0,5370.0076
P7,RuntimeBar,2,2,11290.0158
P7,RuntimeBar,2,2,5935.0083
P7,RuntimeBar,2,2,8960.0125
P7,RuntimeBar,2,2,5515.0077
P7,RuntimeBar,2,1,6420.009
P7,RuntimeBar,2,3,7670.0108
P7,RuntimeBar,2,0,6185.0086
P7,RuntimeBar,2,3,8900.0125
P7,TapNFlip,1,2,43365.0607
P7,TapNFlip,1,2,4685.0066
P7,TapNFlip,1,2,6310.0088
P7,TapNFlip,1,3,10900.0153
P7,TapNFlip,1,3,4580.0064
P7,TapNFlip,1,3,3195.0045
P7,TapNFlip,1,1,6460.009
P7,TapNFlip,1,1,3010.0042
P7,TapNFlip,1,1,2605.0037
P7,TapNFlip,1,2,6395.0089
P7,TapNFlip,1,2,2365.0033
P7,TapNFlip,1,2,2250.0032
P7,TapNFlip,1,1,13930.0195
P7,TapNFlip,1,1,2470.0035
P7,TapNFlip,1,1,2245.0031
P7,TapNFlip,1,2,8730.0122
P7,TapNFlip,1,2,2565.0036
P7,TapNFlip,1,2,2555.0036
P7,RuntimeBar,1,0,24710.0345
P7,RuntimeBar,1,0,9590.0135
P7,RuntimeBar,1,0,7225.0101
P7,RuntimeBar,1,0,7025.0098
P7,RuntimeBar,1,0,6335.0089
P7,RuntimeBar,1,0,6110.0085
P7,RuntimeBar,1,1,7660.0108
P7,RuntimeBar,1,1,9615.0134
P7,RuntimeBar,1,1,6220.0087
P7,RuntimeBar,1,2,8035.0113
P7,RuntimeBar,1,2,5485.0077
P7,RuntimeBar,1,2,5235.0073
P7,RuntimeBar,1,0,5655.0079
P7,RuntimeBar,1,0,5445.0076
P7,RuntimeBar,1,0,5505.0078
P7,RuntimeBar,1,1,6690.0093
P7,RuntimeBar,1,1,5215.0073
P7,RuntimeBar,1,1,7895.0111
P7,TapNFlip,2,2,30100.0422
P7,TapNFlip,2,0,8510.0119
P7,TapNFlip,2,2,8710.0122
P7,TapNFlip,2,2,9395.0132
P7,TapNFlip,2,2,2725.0038
P7,TapNFlip,2,1,5710.008
P7,TapNFlip,2,3,7080.0099
P7,TapNFlip,2,3,2415.0034
P7,TapNFlip,2,3,2095.0029
P7,TapNFlip,2,1,5070.0071
P7,TapNFlip,2,2,6695.0094
P7,TapNFlip,2,2,2260.0031
P7,TapNFlip,2,2,6935.0098
P7,TapNFlip,2,2,2045.0028
P7,TapNFlip,2,0,4875.0068
P7,TapNFlip,2,0,3865.0055
P7,TapNFlip,2,1,7150.01
P7,TapNFlip,2,0,5370.0075
P7,Home,3,0,20475.0286
P7,Home,3,0,7655.0108
P7,Home,3,0,7770.0108
P7,Home,3,0,6015.0084
P7,Home,3,3,10215.0143
P7,Home,3,0,6975.0097
P7,Home,3,2,8200.0115
P7,Home,3,2,9280.013
P7,Home,3,1,6815.0096
P7,Home,3,2,7115.0099
P7,Home,3,2,7185.0101
P7,Home,3,2,9455.0132
P7,Home,3,1,7125.01
P7,Home,3,0,5450.0076
P7,Home,3,2,7065.0099
P7,Home,3,0,5620.0079
P7,Home,3,2,6270.0088
P7,Home,3,0,6135.0085
P7,TapNFlip,3,0,16525.0231
P7,TapNFlip,3,1,7940.0112
P7,TapNFlip,3,2,6070.0084
P7,TapNFlip,3,0,4040.0056
P7,TapNFlip,3,0,3790.0053
P7,TapNFlip,3,2,9680.0136
P7,TapNFlip,3,3,6985.0098
P7,TapNFlip,3,3,2900.004
P7,TapNFlip,3,0,5110.0072
P7,TapNFlip,3,0,4045.0056
P7,TapNFlip,3,3,8305.0117
P7,TapNFlip,3,3,2620.0036
P7,TapNFlip,3,1,4825.0068
P7,TapNFlip,3,0,4375.0061
P7,TapNFlip,3,2,6115.0086
P7,TapNFlip,3,1,5900.0082
P7,TapNFlip,3,1,9980.014
P7,TapNFlip,3,1,3320.0047
P7,Home,2,2,20695.029
P7,Home,2,1,10289.0821
P7,Home,2,2,8675.0122
P7,Home,2,2,9709.0462
P7,Home,2,0,8395.0117
P7,Home,2,2,9730.0136
P7,Home,2,3,8960.0126
P7,Home,2,0,6980.0098
P7,Home,2,3,9030.0126
P7,Home,2,2,11260.0158
P7,Home,2,2,8455.0118
P7,Home,2,0,7275.0102
P7,Home,2,3,8285.0116
P7,Home,2,3,7865.011
P7,Home,2,3,12345.0173
P7,Home,2,2,7420.0104
P7,Home,2,0,5510.0077
P7,Home,2,2,7435.0104
P7,Home,1,2,20605.0289
P7,Home,1,2,9130.0127
P7,Home,1,2,8015.0113
P7,Home,1,1,6985.0097
P7,Home,1,1,7050.0099
P7,Home,1,1,6965.0098
P7,Home,1,1,6650.0093
P7,Home,1,1,8000.0112
P7,Home,1,1,7900.011
P7,Home,1,0,6100.0086
P7,Home,1,0,6105.0085
P7,Home,1,0,7920.0111
P7,Home,1,2,8760.0123
P7,Home,1,2,8385.0117
P7,Home,1,2,11380.0159
P7,Home,1,3,9560.0134
P7,Home,1,3,8560.012
P7,Home,1,3,6770.0095
P8,Flipping,2,0,25130.0352
P8,Flipping,2,0,8960.0125
P8,Flipping,2,0,27575.0386
P8,Flipping,2,1,12325.0173
P8,Flipping,2,3,37430.0524
P8,Flipping,2,1,22200.0311
P8,Flipping,2,0,12360.0173
P8,Flipping,2,2,23330.0326
P8,Flipping,2,2,18745.0263
P8,Flipping,2,3,281279.4755
P8,Flipping,2,1,47745.0668
P8,Flipping,2,1,16685.0234
P8,Flipping,2,0,14630.0205
P8,Flipping,2,0,15750.022
P8,Flipping,2,1,19350.0271
P8,Flipping,2,3,46715.0654
P8,Flipping,2,3,9115.0128
P8,Flipping,2,3,9150.0128
P8,Flipping,3,3,21375.03
P8,Flipping,3,0,17460.0244
P8,Flipping,3,3,23645.0331
P8,Flipping,3,0,8810.0123
P8,Flipping,3,2,15145.0213
P8,Flipping,3,3,17905.025
P8,Flipping,3,1,20675.029
P8,Flipping,3,1,7140.01
P8,Flipping,3,3,17925.0251
P8,Flipping,3,3,17835.0249
P8,Flipping,3,3,13230.0186
P8,Flipping,3,2,21735.0304
P8,Flipping,3,0,24810.0347
P8,Flipping,3,2,18200.0255
P8,Flipping,3,3,15925.0223
P8,Flipping,3,0,10890.0153
P8,Flipping,3,0,10260.0143
P8,Flipping,3,0,14920.0209
P8,Flipping,1,1,18960.0265
P8,Flipping,1,1,7415.0104
P8,Flipping,1,1,8945.0125
P8,Flipping,1,1,11495.0161
P8,Flipping,1,1,9635.0135
P8,Flipping,1,1,7275.0102
P8,Flipping,1,0,9955.0139
P8,Flipping,1,0,6985.0098
P8,Flipping,1,0,9990.014
P8,Flipping,1,1,13225.0185
P8,Flipping,1,1,6955.0098
P8,Flipping,1,1,7110.0099
P8,Flipping,1,1,9720.0136
P8,Flipping,1,1,7145.01
P8,Flipping,1,1,7370.0104
P8,Flipping,1,0,8630.012
P8,Flipping,1,0,9530.0134
P8,Flipping,1,0,7410.0104
P8,TapNFlip,1,2,19465.0272
P8,TapNFlip,1,2,4235.0059
P8,TapNFlip,1,2,5485.0077
P8,TapNFlip,1,3,25255.0354
P8,TapNFlip,1,3,3515.0049
P8,TapNFlip,1,3,3365.0047
P8,TapNFlip,1,2,8090.0114
P8,TapNFlip,1,2,3300.0046
P8,TapNFlip,1,2,3370.0047
P8,TapNFlip,1,0,5315.0074
P8,TapNFlip,1,0,5990.0084
P8,TapNFlip,1,0,4220.0059
P8,TapNFlip,1,3,23915.0335
P8,TapNFlip,1,3,3825.0054
P8,TapNFlip,1,3,6890.0096
P8,TapNFlip,1,3,9340.0131
P8,TapNFlip,1,3,4915.0069
P8,TapNFlip,1,3,3585.005
P8,RuntimeBar,3,1,33890.0475
P8,RuntimeBar,3,0,16610.0232
P8,RuntimeBar,3,3,14870.0208
P8,RuntimeBar,3,2,14975.021
P8,RuntimeBar,3,2,10405.0146
P8,RuntimeBar,3,2,10435.0146
P8,RuntimeBar,3,3,10815.0151
P8,RuntimeBar,3,3,22720.0318
P8,RuntimeBar,3,3,9005.0126
P8,RuntimeBar,3,0,8675.0122
P8,RuntimeBar,3,0,8740.0122
P8,RuntimeBar,3,1,10375.0145
P8,RuntimeBar,3,1,9050.0127
P8,RuntimeBar,3,1,7560.0106
P8,RuntimeBar,3,2,7780.0109
P8,RuntimeBar,3,1,8495.0119
P8,RuntimeBar,3,1,9070.0127
P8,RuntimeBar,3,1,7530.0105
P8,TapNFlip,2,2,21040.0294
P8,TapNFlip,2,1,10150.0142
P8,TapNFlip,2,2,14590.0204
P8,TapNFlip,2,0,11760.0164
P8,TapNFlip,2,0,13845.0194
P8,TapNFlip,2,0,9310.013
P8,TapNFlip,2,0,6045.0085
P8,TapNFlip,2,2,17320.0242
P8,TapNFlip,2,0,6245.0088
P8,TapNFlip,2,1,7150.01
P8,TapNFlip,2,1,4700.0066
P8,TapNFlip,2,2,12010.0168
P8,TapNFlip,2,2,7600.0106
P8,TapNFlip,2,0,6890.0097
P8,TapNFlip,2,0,4850.0068
P8,TapNFlip,2,2,9505.0133
P8,TapNFlip,2,2,4065.0057
P8,TapNFlip,2,2,3380.0047
P8,RuntimeBar,2,0,15405.0216
P8,RuntimeBar,2,2,11100.0156
P8,RuntimeBar,2,2,8255.0115
P8,RuntimeBar,2,3,9060.0127
P8,RuntimeBar,2,3,6795.0095
P8,RuntimeBar,2,1,7650.0107
P8,RuntimeBar,2,3,9270.013
P8,RuntimeBar,2,2,8270.0116
P8,RuntimeBar,2,3,7560.0106
P8,RuntimeBar,2,3,7365.0103
P8,RuntimeBar,2,3,6650.0093
P8,RuntimeBar,2,3,6945.0097
P8,RuntimeBar,2,2,7575.0106
P8,RuntimeBar,2,0,6740.0095
P8,RuntimeBar,2,0,6070.0085
P8,RuntimeBar,2,3,7955.0111
P8,RuntimeBar,2,3,6070.0085
P8,RuntimeBar,2,3,6385.0089
P8,TapNFlip,3,0,35385.0496
P8,TapNFlip,3,3,15980.0223
P8,TapNFlip,3,0,6675.0094
P8,TapNFlip,3,3,8980.0125
P8,TapNFlip,3,3,3530.005
P8,TapNFlip,3,1,7575.0106
P8,TapNFlip,3,1,9160.0128
P8,TapNFlip,3,1,3170.0045
P8,TapNFlip,3,1,7210.01
P8,TapNFlip,3,0,4130.0057
P8,TapNFlip,3,3,10140.0142
P8,TapNFlip,3,0,5625.0079
P8,TapNFlip,3,1,8440.0118
P8,TapNFlip,3,1,6560.0092
P8,TapNFlip,3,1,6630.0093
P8,TapNFlip,3,2,6395.009
P8,TapNFlip,3,1,8485.0118
P8,TapNFlip,3,2,8870.0125
P8,RuntimeBar,1,0,11520.0161
P8,RuntimeBar,1,0,7025.0098
P8,RuntimeBar,1,0,7505.0105
P8,RuntimeBar,1,1,7280.0102
P8,RuntimeBar,1,1,8620.0121
P8,RuntimeBar,1,1,6190.0087
P8,RuntimeBar,1,2,8685.0121
P8,RuntimeBar,1,2,6170.0086
P8,RuntimeBar,1,2,5695.008
P8,RuntimeBar,1,0,6115.0086
P8,RuntimeBar,1,0,5495.0077
P8,RuntimeBar,1,0,5395.0075
P8,RuntimeBar,1,2,8750.0123
P8,RuntimeBar,1,2,5565.0078
P8,RuntimeBar,1,2,5470.0076
P8,RuntimeBar,1,2,8210.0115
P8,RuntimeBar,1,2,5760.0081
P8,RuntimeBar,1,2,5245.0073
P8,Home,1,3,16423.0703
P8,Home,1,3,11760.0164
P8,Home,1,3,10860.0152
P8,Home,1,3,9835.0138
P8,Home,1,3,8735.0122
P8,Home,1,3,9315.0131
P8,Home,1,1,10250.0143
P8,Home,1,1,7710.0108
P8,Home,1,1,7475.0105
P8,Home,1,0,6250.0088
P8,Home,1,0,6240.0087
P8,Home,1,0,7085.0099
P8,Home,1,2,7225.0101
P8,Home,1,2,7270.0102
P8,Home,1,2,8770.0123
P8,Home,1,3,9385.0131
P8,Home,1,3,8490.0119
P8,Home,1,3,7985.0112
P8,Home,3,1,9395.0132
P8,Home,3,0,9435.0132
P8,Home,3,0,8330.0117
P8,Home,3,2,7035.0098
P8,Home,3,3,8440.0118
P8,Home,3,2,6790.0095
P8,Home,3,3,8270.0116
P8,Home,3,3,7670.0108
P8,Home,3,3,7825.0109
P8,Home,3,0,5780.0081
P8,Home,3,2,7165.01
P8,Home,3,3,14865.0208
P8,Home,3,3,7575.0106
P8,Home,3,3,7445.0105
P8,Home,3,3,8455.0118
P8,Home,3,0,5970.0084
P8,Home,3,1,8590.012
P8,Home,3,2,8300.0116
P8,Home,2,3,10865.0152
P8,Home,2,3,7705.0108
P8,Home,2,0,7360.0103
P8,Home,2,2,7285.0102
P8,Home,2,2,7205.0101
P8,Home,2,2,6990.0098
P8,Home,2,2,7235.0101
P8,Home,2,3,7260.0102
P8,Home,2,3,7340.0103
P8,Home,2,3,14570.0204
P8,Home,2,3,7325.0102
P8,Home,2,2,8240.0116
P8,Home,2,0,6095.0085
P8,Home,2,0,6670.0093
P8,Home,2,0,5925.0083
P8,Home,2,0,5495.0077
P8,Home,2,2,6900.0097
P8,Home,2,2,6325.0088
P9,Flipping,3,0,10455.0146
P9,Flipping,3,0,7145.01
P9,Flipping,3,1,15745.022
P9,Flipping,3,1,13725.0193
P9,Flipping,3,3,21735.0304
P9,Flipping,3,1,22520.0315
P9,Flipping,3,0,11425.016
P9,Flipping,3,0,11945.0167
P9,Flipping,3,0,9735.0137
P9,Flipping,3,3,33060.0463
P9,Flipping,3,3,5980.0083
P9,Flipping,3,1,12917.0869
P9,Flipping,3,0,22960.0321
P9,Flipping,3,0,8065.0113
P9,Flipping,3,0,8140.0114
P9,Flipping,3,2,12285.0172
P9,Flipping,3,1,29830.0418
P9,Flipping,3,0,7530.0105
P9,TapNFlip,1,1,14155.0198
P9,TapNFlip,1,1,5185.0073
P9,TapNFlip,1,1,5560.0078
P9,TapNFlip,1,1,8515.0119
P9,TapNFlip,1,1,3935.0055
P9,TapNFlip,1,1,4945.0069
P9,TapNFlip,1,1,5220.0073
P9,TapNFlip,1,1,3160.0045
P9,TapNFlip,1,1,6625.0092
P9,TapNFlip,1,2,31950.0447
P9,TapNFlip,1,2,3980.0056
P9,TapNFlip,1,2,3050.0042
P9,TapNFlip,1,3,7285.0102
P9,TapNFlip,1,3,2890.0041
P9,TapNFlip,1,3,3900.0054
P9,TapNFlip,1,2,8035.0113
P9,TapNFlip,1,2,3030.0042
P9,TapNFlip,1,2,4915.0069
P9,Flipping,2,2,29430.0412
P9,Flipping,2,2,8580.012
P9,Flipping,2,2,5970.0083
P9,Flipping,2,0,8005.0112
P9,Flipping,2,0,5490.0077
P9,Flipping,2,0,11060.0155
P9,Flipping,2,3,27815.039
P9,Flipping,2,3,15925.0223
P9,Flipping,2,0,7825.0109
P9,Flipping,2,1,8035.0113
P9,Flipping,2,3,11790.0165
P9,Flipping,2,3,7480.0104
P9,Flipping,2,1,19195.0269
P9,Flipping,2,3,20280.0284
P9,Flipping,2,3,4805.0067
P9,Flipping,2,3,10470.0147
P9,Flipping,2,2,13240.0185
P9,Flipping,2,2,5005.007
P9,TapNFlip,2,3,24450.0342
P9,TapNFlip,2,3,3220.0045
P9,TapNFlip,2,2,8545.012
P9,TapNFlip,2,3,12205.0171
P9,TapNFlip,2,3,3285.0046
P9,TapNFlip,2,3,5700.008
P9,TapNFlip,2,3,7020.0098
P9,TapNFlip,2,2,10745.015
P9,TapNFlip,2,2,3670.0052
P9,TapNFlip,2,0,4945.0069
P9,TapNFlip,2,1,9160.0128
P9,TapNFlip,2,1,3410.0048
P9,TapNFlip,2,3,7995.0112
P9,TapNFlip,2,2,7585.0106
P9,TapNFlip,2,3,7095.0099
P9,TapNFlip,2,3,4980.007
P9,TapNFlip,2,3,3060.0043
P9,TapNFlip,2,3,2515.0035
P9,Flipping,1,1,13995.0196
P9,Flipping,1,1,6980.0098
P9,Flipping,1,1,5515.0077
P9,Flipping,1,2,7675.0108
P9,Flipping,1,2,6740.0094
P9,Flipping,1,2,5315.0074
P9,Flipping,1,2,7215.0101
P9,Flipping,1,2,5050.0071
P9,Flipping,1,2,4425.0062
P9,Flipping,1,2,7715.0108
P9,Flipping,1,2,4895.0069
P9,Flipping,1,2,6250.0087
P9,Flipping,1,3,9230.013
P9,Flipping,1,3,5010.007
P9,Flipping,1,3,4595.0064
P9,Flipping,1,0,6295.0088
P9,Flipping,1,0,8025.0113
P9,Flipping,1,0,5710.008
P9,TapNFlip,3,0,8590.012
P9,TapNFlip,3,0,7110.0099
P9,TapNFlip,3,0,3390.0048
P9,TapNFlip,3,1,5845.0082
P9,TapNFlip,3,1,3150.0044
P9,TapNFlip,3,1,3320.0046
P9,TapNFlip,3,3,12855.018
P9,TapNFlip,3,3,9315.0131
P9,TapNFlip,3,3,2885.004
P9,TapNFlip,3,2,8615.0121
P9,TapNFlip,3,0,5010.007
P9,TapNFlip,3,2,15635.0219
P9,TapNFlip,3,2,11830.0166
P9,TapNFlip,3,1,7300.0102
P9,TapNFlip,3,1,4290.006
P9,TapNFlip,3,1,5710.008
P9,TapNFlip,3,1,6790.0095
P9,TapNFlip,3,1,6255.0087
P9,RuntimeBar,3,3,22890.032
P9,RuntimeBar,3,2,11715.0164
P9,RuntimeBar,3,2,8355.0117
P9,RuntimeBar,3,1,8795.0123
P9,RuntimeBar,3,0,8015.0112
P9,RuntimeBar,3,1,8035.0113
P9,RuntimeBar,3,1,9945.0139
P9,RuntimeBar,3,2,15980.0224
P9,RuntimeBar,3,2,7560.0106
P9,RuntimeBar,3,3,9165.0128
P9,RuntimeBar,3,2,9285.013
P9,RuntimeBar,3,3,6585.0092
P9,RuntimeBar,3,2,13865.0194
P9,RuntimeBar,3,2,7055.0099
P9,RuntimeBar,3,2,6380.0089
P9,RuntimeBar,3,3,13460.0189
P9,RuntimeBar,3,3,5740.008
P9,RuntimeBar,3,1,8505.0119
P9,Home,1,3,12085.0169
P9,Home,1,3,12955.0181
P9,Home,1,3,8920.0125
P9,Home,1,2,7830.011
P9,Home,1,2,12029.0695
P9,Home,1,2,9530.0133
P9,Home,1,0,10960.0154
P9,Home,1,0,7140.01
P9,Home,1,0,8452.1054
P9,Home,1,2,11040.0154
P9,Home,1,2,8415.0118
P9,Home,1,2,8720.0122
P9,Home,1,2,8350.0117
P9,Home,1,2,13704.0708
P9,Home,1,2,9920.0139
P9,Home,1,2,8950.0125
P9,Home,1,2,8011.0908
P9,Home,1,2,11365.0159
P9,RuntimeBar,2,1,10090.0141
P9,RuntimeBar,2,1,7155.0101
P9,RuntimeBar,2,1,7485.0104
P9,RuntimeBar,2,0,7535.0106
P9,RuntimeBar,2,0,6165.0086
P9,RuntimeBar,2,1,7945.0111
P9,RuntimeBar,2,0,8920.0125
P9,RuntimeBar,2,0,5910.0083
P9,RuntimeBar,2,0,5730.008
P9,RuntimeBar,2,3,7940.0111
P9,RuntimeBar,2,3,8055.0113
P9,RuntimeBar,2,3,6275.0088
P9,RuntimeBar,2,3,12345.0173
P9,RuntimeBar,2,3,6095.0085
P9,RuntimeBar,2,3,5485.0077
P9,RuntimeBar,2,2,8155.0114
P9,RuntimeBar,2,2,5565.0078
P9,RuntimeBar,2,2,5585.0078
P9,Home,2,0,9775.0136
P9,Home,2,1,9305.0131
P9,Home,2,0,6170.0086
P9,Home,2,0,7945.0653
P9,Home,2,0,6655.0093
P9,Home,2,3,9685.0135
P9,Home,2,1,7900.0111
P9,Home,2,1,7417.0523
P9,Home,2,1,12095.017
P9,Home,2,0,8130.0526
P9,Home,2,0,7440.0105
P9,Home,2,0,6755.0094
P9,Home,2,3,8570.012
P9,Home,2,1,7865.011
P9,Home,2,1,7590.0107
P9,Home,2,2,8100.0113
P9,Home,2,2,8335.0499
P9,Home,2,3,7540.0105
P9,RuntimeBar,1,2,10255.0144
P9,RuntimeBar,1,2,6580.0092
P9,RuntimeBar,1,2,6330.0089
P9,RuntimeBar,1,1,7915.011
P9,RuntimeBar,1,1,8475.0119
P9,RuntimeBar,1,1,6000.0084
P9,RuntimeBar,1,2,7740.0108
P9,RuntimeBar,1,2,6060.0085
P9,RuntimeBar,1,2,13940.0195
P9,RuntimeBar,1,2,9190.0129
P9,RuntimeBar,1,2,6980.0098
P9,RuntimeBar,1,2,6570.0092
P9,RuntimeBar,1,0,6620.0093
P9,RuntimeBar,1,0,5890.0082
P9,RuntimeBar,1,0,6020.0084
P9,RuntimeBar,1,3,7330.0103
P9,RuntimeBar,1,3,8635.0121
P9,RuntimeBar,1,3,5255.0073
P9,Home,3,3,11983.0554
P9,Home,3,3,10030.0141
P9,Home,3,3,10165.0142
P9,Home,3,3,8941.0603
P9,Home,3,1,7570.0106
P9,Home,3,1,8045.0112
P9,Home,3,3,8860.0124
P9,Home,3,0,8039.0517
P9,Home,3,3,8205.0115
P9,Home,3,0,6290.0088
P9,Home,3,2,7489.0456
P9,Home,3,2,7915.0111
P9,Home,3,3,12827.0652
P9,Home,3,3,7786.0447
P9,Home,3,2,8420.0118
P9,Home,3,0,6605.0092
P9,Home,3,3,8399.0466
P9,Home,3,0,5858.0382
P10,TapNFlip,1,3,15035.021
P10,TapNFlip,1,3,4220.0059
P10,TapNFlip,1,3,4025.0057
P10,TapNFlip,1,0,8270.0116
P10,TapNFlip,1,0,4070.0057
P10,TapNFlip,1,0,4010.0056
P10,TapNFlip,1,2,10440.0146
P10,TapNFlip,1,2,5860.0082
P10,TapNFlip,1,2,4255.006
P10,TapNFlip,1,1,12075.0169
P10,TapNFlip,1,1,3705.0052
P10,TapNFlip,1,1,4145.0058
P10,TapNFlip,1,1,7660.0107
P10,TapNFlip,1,1,5475.0076
P10,TapNFlip,1,1,3875.0055
P10,TapNFlip,1,3,17680.0247
P10,TapNFlip,1,3,3990.0056
P10,TapNFlip,1,3,3910.0055
P10,TapNFlip,2,1,12430.0174
P10,TapNFlip,2,0,18190.0254
P10,TapNFlip,2,0,6690.0094
P10,TapNFlip,2,1,11210.0157
P10,TapNFlip,2,1,5315.0074
P10,TapNFlip,2,1,5225.0073
P10,TapNFlip,2,0,6245.0088
P10,TapNFlip,2,1,23785.0333
P10,TapNFlip,2,0,15760.022
P10,TapNFlip,2,3,10830.0152
P10,TapNFlip,2,2,17565.0246
P10,TapNFlip,2,3,10400.0146
P10,TapNFlip,2,0,5920.0083
P10,TapNFlip,2,0,8410.0117
P10,TapNFlip,2,0,4440.0062
P10,TapNFlip,2,2,9775.0137
P10,TapNFlip,2,2,11700.0164
P10,TapNFlip,2,2,12740.0178
P10,Flipping,3,0,22745.0318
P10,Flipping,3,3,13280.0186
P10,Flipping,3,0,10605.0148
P10,Flipping,3,2,11345.0159
P10,Flipping,3,2,10170.0143
P10,Flipping,3,2,12490.0175
P10,Flipping,3,2,10670.0149
P10,Flipping,3,1,11415.016
P10,Flipping,3,1,10455.0146
P10,Flipping,3,0,10080.0141
P10,Flipping,3,0,15085.0212
P10,Flipping,3,2,18225.0255
P10,Flipping,3,2,12070.0169
P10,Flipping,3,3,29640.0415
P10,Flipping,3,1,9995.014
P10,Flipping,3,2,11945.0167
P10,Flipping,3,2,14305.02
P10,Flipping,3,1,11370.0159
P10,TapNFlip,3,3,11055.0155
P10,TapNFlip,3,2,9750.0136
P10,TapNFlip,3,3,9830.0138
P10,TapNFlip,3,3,13540.019
P10,TapNFlip,3,3,4160.0058
P10,TapNFlip,3,1,15920.0223
P10,TapNFlip,3,0,7510.0105
P10,TapNFlip,3,0,5710.008
P10,TapNFlip,3,3,11165.0156
P10,TapNFlip,3,1,11520.0162
P10,TapNFlip,3,2,12490.0174
P10,TapNFlip,3,2,4415.0062
P10,TapNFlip,3,0,7120.01
P10,TapNFlip,3,0,8920.0125
P10,TapNFlip,3,0,8080.0113
P10,TapNFlip,3,2,19180.0268
P10,TapNFlip,3,1,10075.0142
P10,TapNFlip,3,2,21955.0307
P10,Flipping,2,1,15935.0223
P10,Flipping,2,3,13135.0184
P10,Flipping,2,3,8200.0115
P10,Flipping,2,0,10865.0152
P10,Flipping,2,2,24120.0338
P10,Flipping,2,2,11585.0162
P10,Flipping,2,0,13235.0185
P10,Flipping,2,0,9760.0137
P10,Flipping,2,3,16565.0232
P10,Flipping,2,1,11830.0166
P10,Flipping,2,0,10095.0141
P10,Flipping,2,0,8420.0118
P10,Flipping,2,1,14710.0206
P10,Flipping,2,1,8215.0115
P10,Flipping,2,0,8475.0118
P10,Flipping,2,3,11850.0166
P10,Flipping,2,3,9725.0136
P10,Flipping,2,2,11565.0162
P10,Home,1,0,14505.0203
P10,Home,1,0,8510.012
P10,Home,1,0,9470.0132
P10,Home,1,3,12265.0172
P10,Home,1,3,10465.0146
P10,Home,1,3,12520.0176
P10,Home,1,1,9985.0139
P10,Home,1,1,9160.0129
P10,Home,1,1,10735.015
P10,Home,1,3,12315.0172
P10,Home,1,3,13835.0194
P10,Home,1,3,14815.0208
P10,Home,1,1,11715.0164
P10,Home,1,1,9460.0132
P10,Home,1,1,8225.0115
P10,Home,1,1,10135.0142
P10,Home,1,1,8350.0117
P10,Home,1,1,14430.0202
P10,Flipping,1,2,62990.0882
P10,Flipping,1,2,13075.0183
P10,Flipping,1,2,7565.0106
P10,Flipping,1,2,10165.0143
P10,Flipping,1,2,7745.0108
P10,Flipping,1,2,6960.0097
P10,Flipping,1,2,16100.0225
P10,Flipping,1,2,13655.0191
P10,Flipping,1,2,11525.0161
P10,Flipping,1,0,10665.015
P10,Flipping,1,0,9205.0129
P10,Flipping,1,0,8905.0124
P10,Flipping,1,0,11385.016
P10,Flipping,1,0,11755.0164
P10,Flipping,1,0,10925.0153
P10,Flipping,1,2,13880.0195
P10,Flipping,1,2,9055.0126
P10,Flipping,1,2,9575.0134
P10,Home,2,2,13945.0195
P10,Home,2,1,11010.0154
P10,Home,2,2,14385.0201
P10,Home,2,0,10140.0142
P10,Home,2,2,11510.0161
P10,Home,2,2,15675.022
P10,Home,2,1,9610.0134
P10,Home,2,1,9450.0133
P10,Home,2,1,10705.015
P10,Home,2,1,11065.0155
P10,Home,2,2,21355.0299
P10,Home,2,2,10635.1362
P10,Home,2,1,20040.0281
P10,Home,2,1,9440.0132
P10,Home,2,1,18475.0258
P10,Home,2,3,11760.0165
P10,Home,2,1,10625.0149
P10,Home,2,3,10565.0148
P10,RuntimeBar,3,1,11435.0161
P10,RuntimeBar,3,3,12370.0173
P10,RuntimeBar,3,3,9505.0133
P10,RuntimeBar,3,2,8540.0119
P10,RuntimeBar,3,2,10845.0152
P10,RuntimeBar,3,2,11735.0164
P10,RuntimeBar,3,3,10295.0144
P10,RuntimeBar,3,1,14280.02
P10,RuntimeBar,3,3,10650.0149
P10,RuntimeBar,3,1,9840.0137
P10,RuntimeBar,3,1,9505.0134
P10,RuntimeBar,3,2,9815.0137
P10,RuntimeBar,3,3,10660.0149
P10,RuntimeBar,3,1,8270.0116
P10,RuntimeBar,3,1,7610.0107
P10,RuntimeBar,3,1,11565.0161
P10,RuntimeBar,3,1,7870.0111
P10,RuntimeBar,3,1,9605.0134
P10,Home,3,1,9725.0136
P10,Home,3,1,8825.0124
P10,Home,3,0,8585.012
P10,Home,3,2,10345.0145
P10,Home,3,0,7390.0103
P10,Home,3,2,9575.0134
P10,Home,3,0,7990.0112
P10,Home,3,0,9500.0133
P10,Home,3,2,9415.0132
P10,Home,3,3,9355.0131
P10,Home,3,2,14620.0205
P10,Home,3,2,18384.1453
P10,Home,3,1,10745.0151
P10,Home,3,1,18373.0965
P10,Home,3,1,9447.0616
P10,Home,3,1,24135.0338
P10,Home,3,2,8430.0118
P10,Home,3,1,10165.0142
P10,RuntimeBar,2,3,11325.0159
P10,RuntimeBar,2,3,10540.0147
P10,RuntimeBar,2,3,10315.0144
P10,RuntimeBar,2,1,8240.0116
P10,RuntimeBar,2,2,9090.0127
P10,RuntimeBar,2,1,11082.0675
P10,RuntimeBar,2,2,10590.0149
P10,RuntimeBar,2,0,7085.0099
P10,RuntimeBar,2,2,7955.0111
P10,RuntimeBar,2,2,9590.0135
P10,RuntimeBar,2,2,9665.0135
P10,RuntimeBar,2,2,11215.0157
P10,RuntimeBar,2,2,7215.0101
P10,RuntimeBar,2,2,11610.0162
P10,RuntimeBar,2,2,14760.0207
P10,RuntimeBar,2,1,9190.0129
P10,RuntimeBar,2,1,14220.0199
P10,RuntimeBar,2,1,9020.0126
P10,RuntimeBar,1,1,18785.0263
P10,RuntimeBar,1,1,7740.0108
P10,RuntimeBar,1,1,7940.0111
P10,RuntimeBar,1,1,10630.0149
P10,RuntimeBar,1,1,10680.015
P10,RuntimeBar,1,1,9710.0136
P10,RuntimeBar,1,3,16805.0235
P10,RuntimeBar,1,3,7435.0104
P10,RuntimeBar,1,3,6475.0091
P10,RuntimeBar,1,2,11885.0166
P10,RuntimeBar,1,2,8980.0126
P10,RuntimeBar,1,2,7000.0098
P10,RuntimeBar,1,2,8820.0123
P10,RuntimeBar,1,2,7660.0108
P10,RuntimeBar,1,2,9135.0127
P10,RuntimeBar,1,0,7240.0102
P10,RuntimeBar,1,0,8920.0125
P10,RuntimeBar,1,0,6480.009
P11,TapNFlip,2,1,16310.0229
P11,TapNFlip,2,1,8980.0125
P11,TapNFlip,2,0,37975.0532
P11,TapNFlip,2,3,13485.0189
P11,TapNFlip,2,2,15110.0211
P11,TapNFlip,2,3,17345.0243
P11,TapNFlip,2,2,10145.0142
P11,TapNFlip,2,2,13075.0183
P11,TapNFlip,2,2,12710.0178
P11,TapNFlip,2,3,12185.0171
P11,TapNFlip,2,3,11770.0165
P11,TapNFlip,2,3,6040.0084
P11,TapNFlip,2,2,9250.013
P11,TapNFlip,2,2,8705.0122
P11,TapNFlip,2,1,12805.0179
P11,TapNFlip,2,3,9590.0134
P11,TapNFlip,2,0,10210.0143
P11,TapNFlip,2,0,10615.0149
P11,TapNFlip,3,3,53070.0743
P11,TapNFlip,3,2,12020.0168
P11,TapNFlip,3,3,12685.0177
P11,TapNFlip,3,3,14935.0209
P11,TapNFlip,3,3,12380.0173
P11,TapNFlip,3,0,13655.0191
P11,TapNFlip,3,3,14240.0199
P11,TapNFlip,3,1,17620.0247
P11,TapNFlip,3,3,12540.0176
P11,TapNFlip,3,0,7310.0102
P11,TapNFlip,3,0,9790.0137
P11,TapNFlip,3,0,11435.016
P11,TapNFlip,3,1,9800.0137
P11,TapNFlip,3,1,4260.006
P11,TapNFlip,3,2,9135.0128
P11,TapNFlip,3,1,8130.0114
P11,TapNFlip,3,0,8035.0112
P11,TapNFlip,3,2,19310.0271
P11,TapNFlip,1,0,11910.0166
P11,TapNFlip,1,0,4425.0062
P11,TapNFlip,1,0,4270.006
P11,TapNFlip,1,2,9065.0127
P11,TapNFlip,1,2,6460.0091
P11,TapNFlip,1,2,5900.0082
P11,TapNFlip,1,0,5230.0073
P11,TapNFlip,1,0,7500.0105
P11,TapNFlip,1,0,4180.0059
P11,TapNFlip,1,3,7695.0108
P11,TapNFlip,1,3,4555.0063
P11,TapNFlip,1,3,3840.0054
P11,TapNFlip,1,1,12325.0173
P11,TapNFlip,1,1,4830.0067
P11,TapNFlip,1,1,3995.0056
P11,TapNFlip,1,3,10720.015
P11,TapNFlip,1,3,4185.0059
P11,TapNFlip,1,3,5160.0072
P11,Home,1,2,49461.2707
P11,Home,1,2,25896.1878
P11,Home,1,2,16956.088
P11,Home,1,3,20904.1606
P11,Home,1,3,19895.0848
P11,Home,1,3,24952.1212
P11,Home,1,1,19125.0885
P11,Home,1,1,13939.0722
P11,Home,1,1,12627.0669
P11,Home,1,2,12568.0688
P11,Home,1,2,16464.0743
P11,Home,1,2,16872.0617
P11,Home,1,3,15911.0767
P11,Home,1,3,38602.1142
P11,Home,1,3,34758.1252
P11,Home,1,2,14691.0776
P11,Home,1,2,19768.09
P11,Home,1,2,17934.0756
P11,Flipping,3,3,36629.2044
P11,Flipping,3,3,31515.0441
P11,Flipping,3,3,13525.019
P11,Flipping,3,2,41870.0586
P11,Flipping,3,2,26735.0374
P11,Flipping,3,0,41566.3445
P11,Flipping,3,0,36066.0631
P11,Flipping,3,0,16070.0225
P11,Flipping,3,0,17495.0245
P11,Flipping,3,1,43800.0613
P11,Flipping,3,1,38995.0546
P11,Flipping,3,0,28560.04
P11,Flipping,3,3,44816.197
P11,Flipping,3,2,69300.097
P11,Flipping,3,3,101180.1417
P11,Flipping,3,2,81909.4805
P11,Flipping,3,2,9645.0135
P11,Flipping,3,1,16986.1466
P11,Home,2,3,27066.0915
P11,Home,2,0,20551.1114
P11,Home,2,0,10312.0595
P11,Home,2,0,11440.016
P11,Home,2,1,14615.0662
P11,Home,2,0,13537.1262
P11,Home,2,2,21432.0923
P11,Home,2,1,13735.0706
P11,Home,2,1,13110.0719
P11,Home,2,2,13971.0687
P11,Home,2,2,14667.0695
P11,Home,2,2,11828.0594
P11,Home,2,0,16057.0687
P11,Home,2,0,11816.0696
P11,Home,2,0,13879.1667
P11,Home,2,0,11253.0533
P11,Home,2,0,13039.0673
P11,Home,2,2,16950.0237
P11,Flipping,2,1,30160.0422
P11,Flipping,2,2,50443.2067
P11,Flipping,2,1,39435.0692
P11,Flipping,2,2,18090.0253
P11,Flipping,2,0,21749.1266
P11,Flipping,2,2,16175.0749
P11,Flipping,2,2,18867.0985
P11,Flipping,2,2,15785.0221
P11,Flipping,2,2,19415.0852
P11,Flipping,2,0,10935.0153
P11,Flipping,2,0,8713.059
P11,Flipping,2,2,20095.0708
P11,Flipping,2,2,14757.0643
P11,Flipping,2,2,11850.0668
P11,Flipping,2,0,25350.0355
P11,Flipping,2,0,8250.0115
P11,Flipping,2,3,18000.3385
P11,Flipping,2,0,12377.0733
P11,Home,3,3,14713.0905
P11,Home,3,1,13631.0976
P11,Home,3,3,15004.075
P11,Home,3,3,12358.0633
P11,Home,3,3,12017.0663
P11,Home,3,3,16979.0764
P11,Home,3,2,14950.1554
P11,Home,3,2,16583.1467
P11,Home,3,2,13724.0984
P11,Home,3,1,11310.065
P11,Home,3,1,21295.0806
P11,Home,3,1,12495.0685
P11,Home,3,0,11386.0673
P11,Home,3,0,9431.0596
P11,Home,3,1,12369.06
P11,Home,3,0,10083.0673
P11,Home,3,3,14550.1079
P11,Home,3,0,10671.0636
P11,Flipping,1,0,53279.1306
P11,Flipping,1,0,22310.0313
P11,Flipping,1,0,7210.0101
P11,Flipping,1,3,12455.0174
P11,Flipping,1,3,9485.0133
P11,Flipping,1,3,8865.0124
P11,Flipping,1,3,11420.016
P11,Flipping,1,3,11170.0156
P11,Flipping,1,3,8200.0115
P11,Flipping,1,0,13620.0191
P11,Flipping,1,0,7645.0107
P11,Flipping,1,0,9055.0127
P11,Flipping,1,2,12388.1611
P11,Flipping,1,2,10410.0146
P11,Flipping,1,2,10405.0146
P11,Flipping,1,3,31815.0445
P11,Flipping,1,3,9965.014
P11,Flipping,1,3,8080.0113
P11,RuntimeBar,1,0,27540.0386
P11,RuntimeBar,1,0,11610.0162
P11,RuntimeBar,1,0,12325.0173
P11,RuntimeBar,1,1,13875.0574
P11,RuntimeBar,1,1,9010.0126
P11,RuntimeBar,1,1,19265.027
P11,RuntimeBar,1,2,20842.0778
P11,RuntimeBar,1,2,35089.065
P11,RuntimeBar,1,2,17153.1154
P11,RuntimeBar,1,0,13299.0609
P11,RuntimeBar,1,0,12253.1011
P11,RuntimeBar,1,0,9775.0569
P11,RuntimeBar,1,2,15922.1189
P11,RuntimeBar,1,2,11175.0157
P11,RuntimeBar,1,2,9490.0484
P11,RuntimeBar,1,2,16098.069
P11,RuntimeBar,1,2,9413.0564
P11,RuntimeBar,1,2,8572.0595
P11,RuntimeBar,3,3,18053.0687
P11,RuntimeBar,3,1,13246.0638
P11,RuntimeBar,3,3,20257.0806
P11,RuntimeBar,3,1,14242.0689
P11,RuntimeBar,3,2,15663.1147
P11,RuntimeBar,3,0,14678.0766
P11,RuntimeBar,3,0,17497.0756
P11,RuntimeBar,3,0,10081.0597
P11,RuntimeBar,3,0,9746.0597
P11,RuntimeBar,3,2,28031.1579
P11,RuntimeBar,3,2,11160.0636
P11,RuntimeBar,3,0,22979.1579
P11,RuntimeBar,3,0,11898.0662
P11,RuntimeBar,3,3,17228.067
P11,RuntimeBar,3,1,19011.073
P11,RuntimeBar,3,3,14930.0209
P11,RuntimeBar,3,2,17448.1052
P11,RuntimeBar,3,0,13951.0657
P11,RuntimeBar,2,1,24202.0889
P11,RuntimeBar,2,1,14101.0703
P11,RuntimeBar,2,1,16525.1166
P11,RuntimeBar,2,3,16627.0731
P11,RuntimeBar,2,3,11780.0672
P11,RuntimeBar,2,3,10109.0655
P11,RuntimeBar,2,3,19442.0756
P11,RuntimeBar,2,0,12091.0741
P11,RuntimeBar,2,3,11348.0627
P11,RuntimeBar,2,0,11381.0634
P11,RuntimeBar,2,0,12646.0607
P11,RuntimeBar,2,0,9088.0573
P11,RuntimeBar,2,3,11188.0504
P11,RuntimeBar,2,3,8728.0476
P11,RuntimeBar,2,3,10393.0582
P11,RuntimeBar,2,0,9136.0561
P11,RuntimeBar,2,0,9727.0564
P11,RuntimeBar,2,0,8741.0564
P12,TapNFlip,3,3,14535.0204
P12,TapNFlip,3,3,7400.0103
P12,TapNFlip,3,3,5255.0074
P12,TapNFlip,3,0,8555.012
P12,TapNFlip,3,3,22770.0319
P12,TapNFlip,3,3,7250.0101
P12,TapNFlip,3,0,8950.0126
P12,TapNFlip,3,0,7125.0099
P12,TapNFlip,3,3,12825.018
P12,TapNFlip,3,3,10030.014
P12,TapNFlip,3,2,11515.0162
P12,TapNFlip,3,2,6510.0091
P12,TapNFlip,3,1,10025.014
P12,TapNFlip,3,1,4755.0067
P12,TapNFlip,3,0,8450.0118
P12,TapNFlip,3,2,12870.018
P12,TapNFlip,3,3,9960.014
P12,TapNFlip,3,2,11635.0162
P12,Home,1,1,19345.0271
P12,Home,1,1,10490.0147
P12,Home,1,1,9325.013
P12,Home,1,2,12350.0173
P12,Home,1,2,10550.0148
P12,Home,1,2,10525.0147
P12,Home,1,2,8680.0122
P12,Home,1,2,9345.0131
P12,Home,1,2,9080.0127
P12,Home,1,1,10310.0144
P12,Home,1,1,8215.0115
P12,Home,1,1,9370.0131
P12,Home,1,2,8640.0121
P12,Home,1,2,8585.012
P12,Home,1,2,9779.0664
P12,Home,1,1,8655.0121
P12,Home,1,1,8590.012
P12,Home,1,1,8400.0118
P12,TapNFlip,2,3,49765.0696
P12,TapNFlip,2,3,4435.0062
P12,TapNFlip,2,3,3805.0054
P12,TapNFlip,2,0,4945.0069
P12,TapNFlip,2,0,3255.0046
P12,TapNFlip,2,0,4400.0061
P12,TapNFlip,2,3,7015.0098
P12,TapNFlip,2,3,5605.0079
P12,TapNFlip,2,1,8995.0126
P12,TapNFlip,2,2,7115.0099
P12,TapNFlip,2,2,3540.005
P12,TapNFlip,2,0,6120.0086
P12,TapNFlip,2,0,5980.0083
P12,TapNFlip,2,0,3765.0053
P12,TapNFlip,2,0,4290.006
P12,TapNFlip,2,3,8145.0114
P12,TapNFlip,2,3,5910.0083
P12,TapNFlip,2,3,4075.0057
P12,Home,2,0,10660.0149
P12,Home,2,2,8965.0126
P12,Home,2,0,6645.0093
P12,Home,2,2,9055.0127
P12,Home,2,3,9770.0136
P12,Home,2,3,8845.0124
P12,Home,2,2,9210.0129
P12,Home,2,2,9030.0127
P12,Home,2,2,9585.0134
P12,Home,2,1,10950.0153
P12,Home,2,1,7625.0107
P12,Home,2,1,7420.0104
P12,Home,2,0,8360.0117
P12,Home,2,1,6880.0096
P12,Home,2,1,7670.0108
P12,Home,2,2,8530.0119
P12,Home,2,1,7130.01
P12,Home,2,1,8075.0113
P12,TapNFlip,1,3,13390.0188
P12,TapNFlip,1,3,3850.0054
P12,TapNFlip,1,3,6235.0087
P12,TapNFlip,1,2,6705.0094
P12,TapNFlip,1,2,4250.0059
P12,TapNFlip,1,2,3730.0053
P12,TapNFlip,1,1,5620.0078
P12,TapNFlip,1,1,3580.005
P12,TapNFlip,1,1,3255.0046
P12,TapNFlip,1,3,6670.0094
P12,TapNFlip,1,3,3870.0054
P12,TapNFlip,1,3,3250.0045
P12,TapNFlip,1,0,4470.0063
P12,TapNFlip,1,0,3545.0049
P12,TapNFlip,1,0,3530.005
P12,TapNFlip,1,0,5190.0073
P12,TapNFlip,1,0,4245.0059
P12,TapNFlip,1,0,3395.0048
P12,Home,3,1,10530.0148
P12,Home,3,1,7580.0106
P12,Home,3,3,9785.0137
P12,Home,3,0,8750.0122
P12,Home,3,0,11095.0156
P12,Home,3,0,6395.0089
P12,Home,3,3,8580.012
P12,Home,3,1,7600.0107
P12,Home,3,3,8185.0114
P12,Home,3,1,8695.0122
P12,Home,3,1,7180.0101
P12,Home,3,1,7310.0102
P12,Home,3,3,8590.012
P12,Home,3,3,8700.0122
P12,Home,3,0,6590.0092
P12,Home,3,1,7650.0107
P12,Home,3,2,7730.0109
P12,Home,3,1,7485.0104
P12,Flipping,3,1,16865.0236
P12,Flipping,3,2,10780.0151
P12,Flipping,3,1,9775.0137
P12,Flipping,3,3,8515.0119
P12,Flipping,3,2,12295.0172
P12,Flipping,3,2,6885.0096
P12,Flipping,3,3,8870.0125
P12,Flipping,3,2,12205.017
P12,Flipping,3,3,11175.0157
P12,Flipping,3,1,7585.0106
P12,Flipping,3,0,10940.0153
P12,Flipping,3,0,5860.0082
P12,Flipping,3,1,6800.0096
P12,Flipping,3,2,10385.0145
P12,Flipping,3,1,8070.0113
P12,Flipping,3,2,9370.0131
P12,Flipping,3,1,8680.0122
P12,Flipping,3,0,8675.0121
P12,RuntimeBar,1,0,9595.0134
P12,RuntimeBar,1,0,8875.0125
P12,RuntimeBar,1,0,10340.0144
P12,RuntimeBar,1,1,8910.0125
P12,RuntimeBar,1,1,7630.0107
P12,RuntimeBar,1,1,6115.0085
P12,RuntimeBar,1,0,7275.0102
P12,RuntimeBar,1,0,7000.0098
P12,RuntimeBar,1,0,6475.0091
P12,RuntimeBar,1,2,9205.0129
P12,RuntimeBar,1,2,5635.0079
P12,RuntimeBar,1,2,5850.0082
P12,RuntimeBar,1,1,9135.0128
P12,RuntimeBar,1,1,6405.0089
P12,RuntimeBar,1,1,5635.0079
P12,RuntimeBar,1,2,8190.0115
P12,RuntimeBar,1,2,7235.0101
P12,RuntimeBar,1,2,6555.0092
P12,Flipping,2,3,18740.0262
P12,Flipping,2,3,6440.009
P12,Flipping,2,3,5265.0074
P12,Flipping,2,1,6465.0091
P12,Flipping,2,1,5115.0071
P12,Flipping,2,1,9660.0135
P12,Flipping,2,0,6180.0087
P12,Flipping,2,0,5680.0079
P12,Flipping,2,0,5620.0079
P12,Flipping,2,1,7260.0102
P12,Flipping,2,1,5610.0078
P12,Flipping,2,3,16910.0237
P12,Flipping,2,0,8595.012
P12,Flipping,2,1,8585.0121
P12,Flipping,2,0,8290.0116
P12,Flipping,2,0,5555.0077
P12,Flipping,2,0,5450.0077
P12,Flipping,2,3,9355.0131
P12,RuntimeBar,2,1,11745.0165
P12,RuntimeBar,2,3,11980.0168
P12,RuntimeBar,2,1,10960.0153
P12,RuntimeBar,2,0,6580.0092
P12,RuntimeBar,2,0,11615.0163
P12,RuntimeBar,2,2,9140.0128
P12,RuntimeBar,2,1,12135.017
P12,RuntimeBar,2,1,9650.0135
P12,RuntimeBar,2,3,7760.0108
P12,RuntimeBar,2,1,10805.0152
P12,RuntimeBar,2,0,8170.0114
P12,RuntimeBar,2,1,7035.0098
P12,RuntimeBar,2,0,8690.0122
P12,RuntimeBar,2,0,7605.0107
P12,RuntimeBar,2,0,7920.011
P12,RuntimeBar,2,0,6955.0097
P12,RuntimeBar,2,3,10190.0143
P12,RuntimeBar,2,0,7200.01
P12,Flipping,1,2,35280.0494
P12,Flipping,1,2,5060.0071
P12,Flipping,1,2,6965.0097
P12,Flipping,1,0,7515.0105
P12,Flipping,1,0,5355.0075
P12,Flipping,1,0,5465.0077
P12,Flipping,1,3,7450.0104
P12,Flipping,1,3,4640.0065
P12,Flipping,1,3,4645.0065
P12,Flipping,1,0,6915.0097
P12,Flipping,1,0,5110.0071
P12,Flipping,1,0,5315.0075
P12,Flipping,1,0,6815.0095
P12,Flipping,1,0,4370.0061
P12,Flipping,1,0,4685.0066
P12,Flipping,1,1,7495.0105
P12,Flipping,1,1,4930.0069
P12,Flipping,1,1,5280.0074
P12,RuntimeBar,3,2,8895.0124
P12,RuntimeBar,3,0,6065.0085
P12,RuntimeBar,3,2,8360.0117
P12,RuntimeBar,3,3,8910.0125
P12,RuntimeBar,3,2,7845.011
P12,RuntimeBar,3,3,6295.0088
P12,RuntimeBar,3,0,25155.0352
P12,RuntimeBar,3,0,7430.0104
P12,RuntimeBar,3,0,7180.0101
P12,RuntimeBar,3,1,8270.0115
P12,RuntimeBar,3,1,5585.0079
P12,RuntimeBar,3,1,8665.0121
P12,RuntimeBar,3,1,6840.0096
P12,RuntimeBar,3,1,5870.0082
P12,RuntimeBar,3,1,6550.0091
P12,RuntimeBar,3,3,7755.0109
P12,RuntimeBar,3,3,7060.0099
P12,RuntimeBar,3,3,5740.008
