Participant,Device,Method,Size,Angle
P1,Normal,Normal,Half,2.332
P1,Normal,Normal,Half,0.1014
P1,Normal,Normal,Half,1.2241
P1,Normal,Normal,Half,0.4529
P1,Normal,Normal,Half,1.9368
P1,Normal,Normal,Half,0.4939
P1,Normal,Normal,Half,0.7803
P1,Normal,Normal,Half,1.6847
P1,Normal,Normal,Half,1.3322
P1,Normal,Normal,ThreeQuarters,0.2039
P1,Normal,Normal,ThreeQuarters,1.0464
P1,Normal,Normal,ThreeQuarters,2.3003
P1,Normal,Normal,ThreeQuarters,2.411
P1,Normal,Normal,ThreeQuarters,0.5826
P1,Normal,Normal,ThreeQuarters,0.9392
P1,Normal,Normal,ThreeQuarters,2.6838
P1,Normal,Normal,ThreeQuarters,2.4332
P1,Normal,Normal,ThreeQuarters,1.8856
P1,Normal,Clipped,Quarter,0.2026
P1,Normal,Clipped,Quarter,3.5798
P1,Normal,Clipped,Quarter,0.7688
P1,Normal,Clipped,Quarter,0.9007
P1,Normal,Clipped,Quarter,0.9386
P1,Normal,Clipped,Quarter,4.272
P1,Normal,Clipped,Quarter,0.8905
P1,Normal,Clipped,Quarter,4.6021
P1,Normal,Clipped,Quarter,2.1787
P1,tPad,Clipped,ThreeQuarters,0.4179
P1,tPad,Clipped,ThreeQuarters,0.1488
P1,tPad,Clipped,ThreeQuarters,0.045
P1,tPad,Clipped,ThreeQuarters,0.3351
P1,tPad,Clipped,ThreeQuarters,0.2864
P1,tPad,Clipped,ThreeQuarters,0.2237
P1,tPad,Clipped,ThreeQuarters,0.5419
P1,tPad,Clipped,ThreeQuarters,0.9393
P1,tPad,Clipped,ThreeQuarters,0.8768
P1,Normal,Clipped,Half,1.2218
P1,Normal,Clipped,Half,0.4676
P1,Normal,Clipped,Half,1.2869
P1,Normal,Clipped,Half,0.1336
P1,Normal,Clipped,Half,0.6412
P1,Normal,Clipped,Half,0.2406
P1,Normal,Clipped,Half,1.2026
P1,Normal,Clipped,Half,0.8833
P1,Normal,Clipped,Half,2.0298
P1,tPad,Clipped,Half,0.5815
P1,tPad,Clipped,Half,0.6348
P1,tPad,Clipped,Half,1.6548
P1,tPad,Clipped,Half,0.3996
P1,tPad,Clipped,Half,0.505
P1,tPad,Clipped,Half,1.7265
P1,tPad,Clipped,Half,3.0043
P1,tPad,Clipped,Half,0.1219
P1,tPad,Clipped,Half,0.2024
P1,Normal,Clipped,ThreeQuarters,2.5508
P1,Normal,Clipped,ThreeQuarters,0.0676
P1,Normal,Clipped,ThreeQuarters,0.1542
P1,Normal,Clipped,ThreeQuarters,2.8778
P1,Normal,Clipped,ThreeQuarters,0.414
P1,Normal,Clipped,ThreeQuarters,0.2888
P1,Normal,Clipped,ThreeQuarters,2.0757
P1,Normal,Clipped,ThreeQuarters,1.3219
P1,Normal,Clipped,ThreeQuarters,0.7827
P1,tPad,Clipped,Quarter,0.678
P1,tPad,Clipped,Quarter,0.2453
P1,tPad,Clipped,Quarter,0.7848
P1,tPad,Clipped,Quarter,1.1778
P1,tPad,Clipped,Quarter,0.3772
P1,tPad,Clipped,Quarter,1.3157
P1,tPad,Clipped,Quarter,0.3633
P1,tPad,Clipped,Quarter,2.34
P1,tPad,Clipped,Quarter,1.7308
P1,tPad,Normal,Quarter,1.9599
P1,tPad,Normal,Quarter,1.1782
P1,tPad,Normal,Quarter,1.0828
P1,tPad,Normal,Quarter,1.884
P1,tPad,Normal,Quarter,1.9297
P1,tPad,Normal,Quarter,0.7315
P1,tPad,Normal,Quarter,1.884
P1,tPad,Normal,Quarter,3.1108
P1,tPad,Normal,Quarter,1.0082
P1,tPad,Normal,ThreeQuarters,0.0733
P1,tPad,Normal,ThreeQuarters,0.7515
P1,tPad,Normal,ThreeQuarters,1.9478
P1,tPad,Normal,ThreeQuarters,1.0167
P1,tPad,Normal,ThreeQuarters,0.3255
P1,tPad,Normal,ThreeQuarters,0.722
P1,tPad,Normal,ThreeQuarters,0.2186
P1,tPad,Normal,ThreeQuarters,0.3342
P1,tPad,Normal,ThreeQuarters,0.4989
P1,tPad,Normal,Half,1.2348
P1,tPad,Normal,Half,1.0424
P1,tPad,Normal,Half,0.0189
P1,tPad,Normal,Half,1.2934
P1,tPad,Normal,Half,0.5792
P1,tPad,Normal,Half,1.3329
P1,tPad,Normal,Half,0.4083
P1,tPad,Normal,Half,0.6082
P1,tPad,Normal,Half,1.1828
P1,Normal,Normal,Quarter,0.3673
P1,Normal,Normal,Quarter,0.3794
P1,Normal,Normal,Quarter,0.769
P1,Normal,Normal,Quarter,0
P1,Normal,Normal,Quarter,0
P1,Normal,Normal,Quarter,0
P1,Normal,Normal,Quarter,0.3924
P1,Normal,Normal,Quarter,0.7957
P1,Normal,Normal,Quarter,0.9914
P2,Normal,Normal,Half,0.4357
P2,Normal,Normal,Half,0.1785
P2,Normal,Normal,Half,0.6228
P2,Normal,Normal,Half,1.1829
P2,Normal,Normal,Half,1.21
P2,Normal,Normal,Half,0.2544
P2,Normal,Normal,Half,0.1813
P2,Normal,Normal,Half,0.168
P2,Normal,Normal,Half,0.191
P2,Normal,Normal,ThreeQuarters,0.5085
P2,Normal,Normal,ThreeQuarters,1.3532
P2,Normal,Normal,ThreeQuarters,0.7721
P2,Normal,Normal,ThreeQuarters,0.1623
P2,Normal,Normal,ThreeQuarters,0.7935
P2,Normal,Normal,ThreeQuarters,1.2766
P2,Normal,Normal,ThreeQuarters,1.8262
P2,Normal,Normal,ThreeQuarters,0.3782
P2,Normal,Normal,ThreeQuarters,0.5768
P2,Normal,Normal,Quarter,0.2894
P2,Normal,Normal,Quarter,0
P2,Normal,Normal,Quarter,0.4775
P2,Normal,Normal,Quarter,0.5846
P2,Normal,Normal,Quarter,0.2599
P2,Normal,Normal,Quarter,1.4441
P2,Normal,Normal,Quarter,0.8488
P2,Normal,Normal,Quarter,1.466
P2,Normal,Normal,Quarter,0.924
P2,Normal,Clipped,Quarter,3.5512
P2,Normal,Clipped,Quarter,0.9833
P2,Normal,Clipped,Quarter,0.2332
P2,Normal,Clipped,Quarter,3.4125
P2,Normal,Clipped,Quarter,1.93
P2,Normal,Clipped,Quarter,0.9959
P2,Normal,Clipped,Quarter,1.5261
P2,Normal,Clipped,Quarter,0.9144
P2,Normal,Clipped,Quarter,2.041
P2,tPad,Clipped,ThreeQuarters,2.084
P2,tPad,Clipped,ThreeQuarters,1.1008
P2,tPad,Clipped,ThreeQuarters,0.2022
P2,tPad,Clipped,ThreeQuarters,1.6319
P2,tPad,Clipped,ThreeQuarters,0.821
P2,tPad,Clipped,ThreeQuarters,0.321
P2,tPad,Clipped,ThreeQuarters,0.2238
P2,tPad,Clipped,ThreeQuarters,1.2996
P2,tPad,Clipped,ThreeQuarters,1.0575
P2,Normal,Clipped,Half,1.2505
P2,Normal,Clipped,Half,1.5133
P2,Normal,Clipped,Half,0.52
P2,Normal,Clipped,Half,0.1461
P2,Normal,Clipped,Half,0.3979
P2,Normal,Clipped,Half,0.4042
P2,Normal,Clipped,Half,1.04
P2,Normal,Clipped,Half,2.5284
P2,Normal,Clipped,Half,0.5545
P2,tPad,Clipped,Half,1.3888
P2,tPad,Clipped,Half,2.556
P2,tPad,Clipped,Half,1.0708
P2,tPad,Clipped,Half,1.5386
P2,tPad,Clipped,Half,0.4903
P2,tPad,Clipped,Half,1.1287
P2,tPad,Clipped,Half,2.5314
P2,tPad,Clipped,Half,0.7657
P2,tPad,Clipped,Half,0.224
P2,Normal,Clipped,ThreeQuarters,0.3421
P2,Normal,Clipped,ThreeQuarters,0.3753
P2,Normal,Clipped,ThreeQuarters,0.1646
P2,Normal,Clipped,ThreeQuarters,0.5827
P2,Normal,Clipped,ThreeQuarters,1.3422
P2,Normal,Clipped,ThreeQuarters,0.1666
P2,Normal,Clipped,ThreeQuarters,0.3729
P2,Normal,Clipped,ThreeQuarters,0.2698
P2,Normal,Clipped,ThreeQuarters,1.0178
P2,tPad,Clipped,Quarter,2.7577
P2,tPad,Clipped,Quarter,0.3814
P2,tPad,Clipped,Quarter,0.9292
P2,tPad,Clipped,Quarter,0.4792
P2,tPad,Clipped,Quarter,1.0322
P2,tPad,Clipped,Quarter,1.1953
P2,tPad,Clipped,Quarter,1.278
P2,tPad,Clipped,Quarter,0.7147
P2,tPad,Clipped,Quarter,1.6908
P2,tPad,Normal,Quarter,0.5228
P2,tPad,Normal,Quarter,1.2252
P2,tPad,Normal,Quarter,1.1814
P2,tPad,Normal,Quarter,0.6522
P2,tPad,Normal,Quarter,2.6685
P2,tPad,Normal,Quarter,0.6597
P2,tPad,Normal,Quarter,1.9824
P2,tPad,Normal,Quarter,1.1367
P2,tPad,Normal,Quarter,1.1694
P2,tPad,Normal,ThreeQuarters,0.4044
P2,tPad,Normal,ThreeQuarters,0.2196
P2,tPad,Normal,ThreeQuarters,0.6181
P2,tPad,Normal,ThreeQuarters,0.5585
P2,tPad,Normal,ThreeQuarters,1.7822
P2,tPad,Normal,ThreeQuarters,0.894
P2,tPad,Normal,ThreeQuarters,0.377
P2,tPad,Normal,ThreeQuarters,0.999
P2,tPad,Normal,ThreeQuarters,0.0313
P2,tPad,Normal,Half,0.163
P2,tPad,Normal,Half,0.3223
P2,tPad,Normal,Half,1.6116
P2,tPad,Normal,Half,1.2766
P2,tPad,Normal,Half,1.715
P2,tPad,Normal,Half,0.5516
P2,tPad,Normal,Half,0.0851
P2,tPad,Normal,Half,0.168
P2,tPad,Normal,Half,0.429
P3,Normal,Normal,ThreeQuarters,0.787
P3,Normal,Normal,ThreeQuarters,0.7489
P3,Normal,Normal,ThreeQuarters,0.3673
P3,Normal,Normal,ThreeQuarters,2.2531
P3,Normal,Normal,ThreeQuarters,1.1864
P3,Normal,Normal,ThreeQuarters,1.4688
P3,Normal,Normal,ThreeQuarters,1.3599
P3,Normal,Normal,ThreeQuarters,1.757
P3,Normal,Normal,ThreeQuarters,1.4688
P3,Normal,Clipped,Quarter,0.4855
P3,Normal,Clipped,Quarter,1.3639
P3,Normal,Clipped,Quarter,4.3853
P3,Normal,Clipped,Quarter,0.4069
P3,Normal,Clipped,Quarter,2.9654
P3,Normal,Clipped,Quarter,1.5148
P3,Normal,Clipped,Quarter,2.9338
P3,Normal,Clipped,Quarter,1.7385
P3,Normal,Clipped,Quarter,0.5455
P3,Normal,Normal,Half,0
P3,Normal,Normal,Half,0.4658
P3,Normal,Normal,Half,0.4244
P3,Normal,Normal,Half,0.2418
P3,Normal,Normal,Half,2.2906
P3,Normal,Normal,Half,0.2114
P3,Normal,Normal,Half,0
P3,Normal,Normal,Half,1.7357
P3,Normal,Normal,Half,1.164
P3,Normal,Clipped,Half,0.3759
P3,Normal,Clipped,Half,0.8394
P3,Normal,Clipped,Half,0.5371
P3,Normal,Clipped,Half,0.2564
P3,Normal,Clipped,Half,0.3641
P3,Normal,Clipped,Half,0.758
P3,Normal,Clipped,Half,0.8232
P3,Normal,Clipped,Half,2.3302
P3,Normal,Clipped,Half,1.4754
P3,Normal,Normal,Quarter,1.4411
P3,Normal,Normal,Quarter,1.116
P3,Normal,Normal,Quarter,1.34
P3,Normal,Normal,Quarter,0.339
P3,Normal,Normal,Quarter,1.4764
P3,Normal,Normal,Quarter,0.3013
P3,Normal,Normal,Quarter,0.4182
P3,Normal,Normal,Quarter,1.6366
P3,Normal,Normal,Quarter,0.2491
P3,Normal,Clipped,ThreeQuarters,0.2809
P3,Normal,Clipped,ThreeQuarters,1.4255
P3,Normal,Clipped,ThreeQuarters,0.3419
P3,Normal,Clipped,ThreeQuarters,2.6692
P3,Normal,Clipped,ThreeQuarters,1.4354
P3,Normal,Clipped,ThreeQuarters,0.1656
P3,Normal,Clipped,ThreeQuarters,0.1605
P3,Normal,Clipped,ThreeQuarters,0.4908
P3,Normal,Clipped,ThreeQuarters,0.647
P3,tPad,Clipped,ThreeQuarters,1.2209
P3,tPad,Clipped,ThreeQuarters,0.6927
P3,tPad,Clipped,ThreeQuarters,0.3479
P3,tPad,Clipped,ThreeQuarters,0.5888
P3,tPad,Clipped,ThreeQuarters,0.2732
P3,tPad,Clipped,ThreeQuarters,0.1767
P3,tPad,Clipped,ThreeQuarters,0.788
P3,tPad,Clipped,ThreeQuarters,0.4189
P3,tPad,Clipped,ThreeQuarters,0.5548
P3,tPad,Normal,Quarter,1.923
P3,tPad,Normal,Quarter,0.4554
P3,tPad,Normal,Quarter,1.5925
P3,tPad,Normal,Quarter,0.8961
P3,tPad,Normal,Quarter,0.3942
P3,tPad,Normal,Quarter,0.3611
P3,tPad,Normal,Quarter,1.5949
P3,tPad,Normal,Quarter,0.5221
P3,tPad,Normal,Quarter,1.7156
P3,tPad,Clipped,Half,0.4728
P3,tPad,Clipped,Half,1.0798
P3,tPad,Clipped,Half,0.486
P3,tPad,Clipped,Half,0.9764
P3,tPad,Clipped,Half,0.5555
P3,tPad,Clipped,Half,0.0169
P3,tPad,Clipped,Half,0.7174
P3,tPad,Clipped,Half,0.9902
P3,tPad,Clipped,Half,0.8733
P3,tPad,Normal,Half,0.4103
P3,tPad,Normal,Half,1.3705
P3,tPad,Normal,Half,0.8095
P3,tPad,Normal,Half,0.6398
P3,tPad,Normal,Half,0.8677
P3,tPad,Normal,Half,0.9395
P3,tPad,Normal,Half,0.2215
P3,tPad,Normal,Half,0.9899
P3,tPad,Normal,Half,1.5414
P3,tPad,Clipped,Quarter,1.693
P3,tPad,Clipped,Quarter,0.0672
P3,tPad,Clipped,Quarter,0.5485
P3,tPad,Clipped,Quarter,0.6038
P3,tPad,Clipped,Quarter,0.3361
P3,tPad,Clipped,Quarter,3.5579
P3,tPad,Clipped,Quarter,0.6117
P3,tPad,Clipped,Quarter,0.7788
P3,tPad,Clipped,Quarter,1.1583
P3,tPad,Normal,ThreeQuarters,0.1233
P3,tPad,Normal,ThreeQuarters,0.1029
P3,tPad,Normal,ThreeQuarters,0.8577
P3,tPad,Normal,ThreeQuarters,0.565
P3,tPad,Normal,ThreeQuarters,0.77
P3,tPad,Normal,ThreeQuarters,0.3168
P3,tPad,Normal,ThreeQuarters,1.2275
P3,tPad,Normal,ThreeQuarters,1.0718
P3,tPad,Normal,ThreeQuarters,0.6305
P4,Normal,Clipped,Quarter,0.4262
P4,Normal,Clipped,Quarter,0.7056
P4,Normal,Clipped,Quarter,0.5979
P4,Normal,Clipped,Quarter,0.7364
P4,Normal,Clipped,Quarter,1.0306
P4,Normal,Clipped,Quarter,5.4616
P4,Normal,Clipped,Quarter,4.1077
P4,Normal,Clipped,Quarter,2.5212
P4,Normal,Clipped,Quarter,0.0256
P4,Normal,Clipped,Half,1.0148
P4,Normal,Clipped,Half,0.1529
P4,Normal,Clipped,Half,0.6486
P4,Normal,Clipped,Half,1.0926
P4,Normal,Clipped,Half,0.6024
P4,Normal,Clipped,Half,0.4755
P4,Normal,Clipped,Half,0.2253
P4,Normal,Clipped,Half,0
P4,Normal,Clipped,Half,0.8135
P4,Normal,Normal,ThreeQuarters,0.186
P4,Normal,Normal,ThreeQuarters,1.4281
P4,Normal,Normal,ThreeQuarters,2.0718
P4,Normal,Normal,ThreeQuarters,3.1701
P4,Normal,Normal,ThreeQuarters,0.3174
P4,Normal,Normal,ThreeQuarters,0.907
P4,Normal,Normal,ThreeQuarters,2.6224
P4,Normal,Normal,ThreeQuarters,1.0178
P4,Normal,Normal,ThreeQuarters,3.7769
P4,Normal,Clipped,ThreeQuarters,0.8881
P4,Normal,Clipped,ThreeQuarters,0.7114
P4,Normal,Clipped,ThreeQuarters,0.4796
P4,Normal,Clipped,ThreeQuarters,2.8003
P4,Normal,Clipped,ThreeQuarters,1.3153
P4,Normal,Clipped,ThreeQuarters,3.951
P4,Normal,Clipped,ThreeQuarters,0.0176
P4,Normal,Clipped,ThreeQuarters,2.4529
P4,Normal,Clipped,ThreeQuarters,1.5586
P4,Normal,Normal,Half,1.206
P4,Normal,Normal,Half,2.786
P4,Normal,Normal,Half,2.332
P4,Normal,Normal,Half,1.0912
P4,Normal,Normal,Half,0.4835
P4,Normal,Normal,Half,2.9767
P4,Normal,Normal,Half,3.145
P4,Normal,Normal,Half,0.7314
P4,Normal,Normal,Half,2.3504
P4,tPad,Normal,Quarter,1.6801
P4,tPad,Normal,Quarter,0.4554
P4,tPad,Normal,Quarter,0.6188
P4,tPad,Normal,Quarter,1.1572
P4,tPad,Normal,Quarter,1.0501
P4,tPad,Normal,Quarter,4.5905
P4,tPad,Normal,Quarter,3.0394
P4,tPad,Normal,Quarter,0.5888
P4,tPad,Normal,Quarter,2.1746
P4,Normal,Normal,Quarter,2.3695
P4,Normal,Normal,Quarter,1.1088
P4,Normal,Normal,Quarter,1.4203
P4,Normal,Normal,Quarter,1.9886
P4,Normal,Normal,Quarter,0.7774
P4,Normal,Normal,Quarter,1.8476
P4,Normal,Normal,Quarter,1.3322
P4,Normal,Normal,Quarter,4.3511
P4,tPad,Normal,Half,0.8219
P4,tPad,Normal,Half,1.7269
P4,tPad,Normal,Half,1.2332
P4,tPad,Normal,Half,0.9404
P4,tPad,Normal,Half,0.808
P4,tPad,Normal,Half,0.8001
P4,tPad,Normal,Half,2.2926
P4,tPad,Normal,Half,1.643
P4,tPad,Normal,Half,0.0533
P4,tPad,Clipped,ThreeQuarters,1.6312
P4,tPad,Clipped,ThreeQuarters,2.1507
P4,tPad,Clipped,ThreeQuarters,1.1679
P4,tPad,Clipped,ThreeQuarters,2.3978
P4,tPad,Clipped,ThreeQuarters,2.178
P4,tPad,Clipped,ThreeQuarters,0.2378
P4,tPad,Clipped,ThreeQuarters,1.1238
P4,tPad,Clipped,ThreeQuarters,0.5354
P4,tPad,Clipped,ThreeQuarters,3.9823
P4,tPad,Normal,ThreeQuarters,0.4614
P4,tPad,Normal,ThreeQuarters,1.089
P4,tPad,Normal,ThreeQuarters,0.0512
P4,tPad,Normal,ThreeQuarters,0.1517
P4,tPad,Normal,ThreeQuarters,2.0722
P4,tPad,Normal,ThreeQuarters,2.1502
P4,tPad,Normal,ThreeQuarters,0.6456
P4,tPad,Normal,ThreeQuarters,0.7087
P4,tPad,Normal,ThreeQuarters,1.3285
P4,tPad,Clipped,Half,6.794
P4,tPad,Clipped,Half,3.381
P4,tPad,Clipped,Half,0.0266
P4,tPad,Clipped,Half,2.5103
P4,tPad,Clipped,Half,4.4736
P4,tPad,Clipped,Half,4.3705
P4,tPad,Clipped,Half,0.4619
P4,tPad,Clipped,Half,2.4935
P4,tPad,Clipped,Half,0.3548
P4,tPad,Clipped,Quarter,2.8903
P4,tPad,Clipped,Quarter,10.9442
P4,tPad,Clipped,Quarter,4.1052
P4,tPad,Clipped,Quarter,3.7733
P4,tPad,Clipped,Quarter,0.1375
P4,tPad,Clipped,Quarter,2.8615
P4,tPad,Clipped,Quarter,0.8999
P4,tPad,Clipped,Quarter,0.5599
P4,tPad,Clipped,Quarter,3.1076
P5,Normal,Clipped,Half,0.5776
P5,Normal,Clipped,Half,1.4676
P5,Normal,Clipped,Half,1.319
P5,Normal,Clipped,Half,0.9853
P5,Normal,Clipped,Half,0.6716
P5,Normal,Clipped,Half,0.0734
P5,Normal,Clipped,Half,1.7243
P5,Normal,Clipped,Half,1.1013
P5,Normal,Clipped,Half,0.8887
P5,Normal,Clipped,ThreeQuarters,0.5973
P5,Normal,Clipped,ThreeQuarters,0.2714
P5,Normal,Clipped,ThreeQuarters,0.8225
P5,Normal,Clipped,ThreeQuarters,0.0167
P5,Normal,Clipped,ThreeQuarters,1.7086
P5,Normal,Clipped,ThreeQuarters,0.1328
P5,Normal,Clipped,ThreeQuarters,1.076
P5,Normal,Clipped,ThreeQuarters,1.5643
P5,Normal,Clipped,ThreeQuarters,3.9977
P5,Normal,Clipped,Quarter,0.8946
P5,Normal,Clipped,Quarter,1.8557
P5,Normal,Clipped,Quarter,0.234
P5,Normal,Clipped,Quarter,0
P5,Normal,Clipped,Quarter,3.3031
P5,Normal,Clipped,Quarter,0.9038
P5,Normal,Clipped,Quarter,1.5925
P5,Normal,Clipped,Quarter,1.1595
P5,Normal,Clipped,Quarter,0.8385
P5,tPad,Normal,Quarter,3.3814
P5,tPad,Normal,Quarter,1.7367
P5,tPad,Normal,Quarter,0.0267
P5,tPad,Normal,Quarter,0.1745
P5,tPad,Normal,Quarter,1.3774
P5,tPad,Normal,Quarter,0.3619
P5,tPad,Normal,Quarter,1.3204
P5,tPad,Normal,Quarter,2.2839
P5,tPad,Normal,Quarter,0.6074
P5,Normal,Normal,ThreeQuarters,0.7465
P5,Normal,Normal,ThreeQuarters,1.4424
P5,Normal,Normal,ThreeQuarters,0.7875
P5,Normal,Normal,ThreeQuarters,0.5563
P5,Normal,Normal,ThreeQuarters,0.9844
P5,Normal,Normal,ThreeQuarters,0.1206
P5,Normal,Normal,ThreeQuarters,0.5927
P5,Normal,Normal,ThreeQuarters,2.7263
P5,Normal,Normal,Half,0.3237
P5,Normal,Normal,Half,2.7927
P5,Normal,Normal,Half,0
P5,Normal,Normal,Half,1.9527
P5,Normal,Normal,Half,0.8343
P5,Normal,Normal,Half,0.8467
P5,Normal,Normal,Half,1.1751
P5,Normal,Normal,Half,4.8157
P5,Normal,Normal,Half,9.6118
P5,Normal,Normal,Quarter,0.9719
P5,Normal,Normal,Quarter,0.7162
P5,Normal,Normal,Quarter,0.8488
P5,Normal,Normal,Quarter,1.2018
P5,Normal,Normal,Quarter,3.9005
P5,Normal,Normal,Quarter,2.4628
P5,Normal,Normal,Quarter,2.583
P5,Normal,Normal,Quarter,1.1233
P5,tPad,Clipped,Quarter,0.7695
P5,tPad,Clipped,Quarter,0.1402
P5,tPad,Clipped,Quarter,0.7515
P5,tPad,Clipped,Quarter,0.0831
P5,tPad,Clipped,Quarter,4.229
P5,tPad,Clipped,Quarter,2.8119
P5,tPad,Clipped,Quarter,0.0575
P5,tPad,Clipped,Quarter,0.3872
P5,tPad,Clipped,Quarter,0.2309
P5,tPad,Clipped,ThreeQuarters,0.8441
P5,tPad,Clipped,ThreeQuarters,0.3621
P5,tPad,Clipped,ThreeQuarters,0.7558
P5,tPad,Clipped,ThreeQuarters,1.052
P5,tPad,Clipped,ThreeQuarters,0.115
P5,tPad,Clipped,ThreeQuarters,1.2747
P5,tPad,Clipped,ThreeQuarters,1.8978
P5,tPad,Clipped,ThreeQuarters,0.0428
P5,tPad,Clipped,ThreeQuarters,0.7476
P5,tPad,Clipped,Half,0.3471
P5,tPad,Clipped,Half,0.0276
P5,tPad,Clipped,Half,0.1255
P5,tPad,Clipped,Half,3.0308
P5,tPad,Clipped,Half,0.3672
P5,tPad,Clipped,Half,0.3275
P5,tPad,Clipped,Half,0.5136
P5,tPad,Clipped,Half,0.591
P5,tPad,Clipped,Half,0.6436
P6,Normal,Clipped,ThreeQuarters,0.6184
P6,Normal,Clipped,ThreeQuarters,0.2814
P6,Normal,Clipped,ThreeQuarters,0.4274
P6,Normal,Clipped,ThreeQuarters,0.3911
P6,Normal,Clipped,ThreeQuarters,0.2837
P6,Normal,Clipped,ThreeQuarters,1.2199
P6,Normal,Clipped,ThreeQuarters,0.7459
P6,Normal,Clipped,ThreeQuarters,0.6259
P6,Normal,Clipped,ThreeQuarters,0.0534
P6,tPad,Normal,Quarter,0.389
P6,tPad,Normal,Quarter,0.785
P6,tPad,Normal,Quarter,1.1966
P6,Normal,Clipped,Half,0.2814
P6,Normal,Clipped,Half,1.4399
P6,Normal,Clipped,Half,0.0863
P6,Normal,Clipped,Half,1.1497
P6,Normal,Clipped,Half,0
P6,Normal,Clipped,Half,0.5536
P6,Normal,Clipped,Half,0
P6,Normal,Clipped,Half,0.3064
P6,Normal,Clipped,Half,0.0428
P6,tPad,Normal,Half,1.7029
P6,tPad,Normal,Half,0.0668
P6,tPad,Normal,Half,0.5041
P6,tPad,Normal,Half,0.45
P6,tPad,Normal,Half,0.8543
P6,tPad,Normal,Half,1.7353
P6,tPad,Normal,Half,0.7515
P6,tPad,Normal,Half,0.7917
P6,tPad,Normal,Half,1.1742
P6,Normal,Clipped,Quarter,1.7723
P6,Normal,Clipped,Quarter,1.6736
P6,Normal,Clipped,Quarter,1.1017
P6,Normal,Clipped,Quarter,0.4897
P6,Normal,Clipped,Quarter,0.9535
P6,Normal,Clipped,Quarter,0.3603
P6,Normal,Clipped,Quarter,0.0735
P6,Normal,Clipped,Quarter,0
P6,Normal,Clipped,Quarter,0.4952
P6,tPad,Normal,ThreeQuarters,0.1338
P6,tPad,Normal,ThreeQuarters,0.6349
P6,tPad,Normal,ThreeQuarters,1.7237
P6,tPad,Normal,ThreeQuarters,0.0928
P6,tPad,Normal,ThreeQuarters,0.1182
P6,tPad,Normal,ThreeQuarters,1.4634
P6,tPad,Normal,ThreeQuarters,0.9511
P6,tPad,Normal,ThreeQuarters,2.5178
P6,tPad,Normal,ThreeQuarters,0.432
P6,Normal,Normal,ThreeQuarters,0.1628
P6,Normal,Normal,ThreeQuarters,2.3137
P6,Normal,Normal,ThreeQuarters,0.6987
P6,Normal,Normal,ThreeQuarters,1.6227
P6,Normal,Normal,ThreeQuarters,2.3579
P6,Normal,Normal,ThreeQuarters,0.5041
P6,Normal,Normal,ThreeQuarters,0
P6,Normal,Normal,ThreeQuarters,0.5768
P6,Normal,Normal,ThreeQuarters,3.1701
P6,tPad,Clipped,Quarter,0.3677
P6,tPad,Clipped,Quarter,2.8627
P6,tPad,Clipped,Quarter,0.4444
P6,tPad,Clipped,Quarter,0.636
P6,tPad,Clipped,Quarter,0.7201
P6,tPad,Clipped,Quarter,4.2542
P6,tPad,Clipped,Quarter,0.2863
P6,tPad,Clipped,Quarter,0.9349
P6,tPad,Clipped,Quarter,1.1499
P6,Normal,Normal,Half,1.9092
P6,Normal,Normal,Half,0.8637
P6,Normal,Normal,Half,2.1113
P6,Normal,Normal,Half,1.7014
P6,Normal,Normal,Half,0.3515
P6,Normal,Normal,Half,1.7715
P6,Normal,Normal,Half,1.0878
P6,Normal,Normal,Half,2.035
P6,Normal,Normal,Half,1.3721
P6,tPad,Clipped,Half,2.7999
P6,tPad,Clipped,Half,0.4801
P6,tPad,Clipped,Half,0.1255
P6,tPad,Clipped,Half,0.2551
P6,tPad,Clipped,Half,0.1426
P6,tPad,Clipped,Half,0.6891
P6,tPad,Clipped,Half,0.4053
P6,tPad,Clipped,Half,0.1097
P6,tPad,Clipped,Half,0.4907
P6,Normal,Normal,Quarter,0.6095
P6,Normal,Normal,Quarter,1.8476
P6,Normal,Normal,Quarter,1.828
P6,Normal,Normal,Quarter,2.2724
P6,Normal,Normal,Quarter,1.3577
P6,Normal,Normal,Quarter,0
P6,Normal,Normal,Quarter,0.5509
P6,Normal,Normal,Quarter,2.0026
P6,Normal,Normal,Quarter,0
P6,tPad,Clipped,ThreeQuarters,0.0439
P6,tPad,Clipped,ThreeQuarters,1.5362
P6,tPad,Clipped,ThreeQuarters,0.4552
P6,tPad,Clipped,ThreeQuarters,0.7204
P6,tPad,Clipped,ThreeQuarters,0.4154
P6,tPad,Clipped,ThreeQuarters,1.0136
P6,tPad,Clipped,ThreeQuarters,1.0823
P6,tPad,Clipped,ThreeQuarters,0.2587
P6,tPad,Clipped,ThreeQuarters,1.3489
P7,tPad,Normal,Quarter,1.8798
P7,tPad,Normal,Quarter,2.0793
P7,tPad,Normal,Quarter,0.967
P7,tPad,Normal,Quarter,0.1862
P7,tPad,Normal,Quarter,1.1545
P7,tPad,Normal,Quarter,0.577
P7,tPad,Normal,Quarter,1.1532
P7,tPad,Normal,Quarter,0.6427
P7,tPad,Normal,Quarter,0.5603
P7,tPad,Normal,Half,1.9745
P7,tPad,Normal,Half,2.7058
P7,tPad,Normal,Half,0.1359
P7,tPad,Normal,Half,1.4857
P7,tPad,Normal,Half,1.8347
P7,tPad,Normal,Half,0.7448
P7,tPad,Normal,Half,1.233
P7,tPad,Normal,Half,2.0825
P7,tPad,Normal,Half,0.6335
P7,Normal,Clipped,ThreeQuarters,1.8581
P7,Normal,Clipped,ThreeQuarters,0.6576
P7,Normal,Clipped,ThreeQuarters,0.3343
P7,Normal,Clipped,ThreeQuarters,2.4437
P7,Normal,Clipped,ThreeQuarters,0.1567
P7,Normal,Clipped,ThreeQuarters,0.4755
P7,Normal,Clipped,ThreeQuarters,3.9198
P7,Normal,Clipped,ThreeQuarters,1.7687
P7,Normal,Clipped,ThreeQuarters,1.7889
P7,Normal,Clipped,Half,2.1442
P7,Normal,Clipped,Half,1.0984
P7,Normal,Clipped,Half,0.5678
P7,Normal,Clipped,Half,0.4636
P7,Normal,Clipped,Half,2.712
P7,Normal,Clipped,Half,0.7725
P7,Normal,Clipped,Half,2.3373
P7,Normal,Clipped,Half,3.6124
P7,Normal,Clipped,Half,1.0341
P7,tPad,Clipped,Quarter,1.0035
P7,tPad,Clipped,Quarter,1.6095
P7,tPad,Clipped,Quarter,1.1222
P7,tPad,Clipped,Quarter,1.2172
P7,tPad,Clipped,Quarter,0.8425
P7,tPad,Clipped,Quarter,0.6664
P7,tPad,Clipped,Quarter,0.2551
P7,tPad,Clipped,Quarter,0.4239
P7,tPad,Clipped,Quarter,1.6665
P7,Normal,Clipped,Quarter,0.5787
P7,Normal,Clipped,Quarter,4.4683
P7,Normal,Clipped,Quarter,4.5701
P7,Normal,Clipped,Quarter,1.2842
P7,Normal,Clipped,Quarter,1.5556
P7,Normal,Clipped,Quarter,9.5009
P7,Normal,Clipped,Quarter,9.8029
P7,Normal,Clipped,Quarter,1.1465
P7,Normal,Clipped,Quarter,2.4689
P7,Normal,Normal,ThreeQuarters,0.2099
P7,Normal,Normal,ThreeQuarters,3.6522
P7,Normal,Normal,ThreeQuarters,3.8506
P7,Normal,Normal,ThreeQuarters,1.0053
P7,Normal,Normal,ThreeQuarters,1.3575
P7,Normal,Normal,ThreeQuarters,1.1812
P7,Normal,Normal,ThreeQuarters,0.507
P7,Normal,Normal,ThreeQuarters,4.4716
P7,Normal,Normal,ThreeQuarters,3.3945
P7,tPad,Clipped,ThreeQuarters,0.2947
P7,tPad,Clipped,ThreeQuarters,0.3088
P7,tPad,Clipped,ThreeQuarters,0.5183
P7,tPad,Clipped,ThreeQuarters,1.1802
P7,tPad,Clipped,ThreeQuarters,0.78
P7,tPad,Clipped,ThreeQuarters,0.5091
P7,tPad,Clipped,ThreeQuarters,2.6045
P7,tPad,Clipped,ThreeQuarters,0.1807
P7,tPad,Clipped,ThreeQuarters,0.0937
P7,Normal,Normal,Half,0.4621
P7,Normal,Normal,Half,0.7673
P7,Normal,Normal,Half,3.3513
P7,Normal,Normal,Half,1.6135
P7,Normal,Normal,Half,8.2463
P7,Normal,Normal,Half,4.3276
P7,Normal,Normal,Half,2.3373
P7,Normal,Normal,Half,1.1458
P7,Normal,Normal,Half,0.5968
P7,Normal,Normal,Quarter,1.014
P7,Normal,Normal,Quarter,4.6859
P7,Normal,Normal,Quarter,6.4175
P7,Normal,Normal,Quarter,2.224
P7,Normal,Normal,Quarter,15.5809
P7,Normal,Normal,Quarter,18.6102
P7,Normal,Normal,Quarter,14.0618
P7,Normal,Normal,Quarter,1.325
P7,Normal,Normal,Quarter,19.406
P8,tPad,Normal,Half,1.2189
P8,tPad,Normal,Half,0.779
P8,tPad,Normal,Half,2.2775
P8,tPad,Normal,Half,1.3071
P8,tPad,Normal,ThreeQuarters,0.9185
P8,tPad,Normal,ThreeQuarters,0.5917
P8,tPad,Normal,ThreeQuarters,0.9623
P8,tPad,Normal,ThreeQuarters,0.6734
P8,tPad,Normal,ThreeQuarters,0.3587
P8,tPad,Normal,ThreeQuarters,0.4023
P8,tPad,Normal,ThreeQuarters,3.5448
P8,tPad,Normal,ThreeQuarters,2.5712
P8,tPad,Normal,Quarter,0.3142
P8,tPad,Normal,Quarter,1.8426
P8,tPad,Normal,Quarter,0.9615
P8,tPad,Normal,Quarter,1.4672
P8,tPad,Normal,Quarter,3.0766
P8,tPad,Normal,Quarter,0.8901
P8,tPad,Normal,Quarter,0
P8,tPad,Normal,Quarter,3.7735
P8,tPad,Normal,Quarter,2.1643
P8,tPad,Clipped,Quarter,1.8709
P8,tPad,Clipped,Quarter,0.9341
P8,tPad,Clipped,Quarter,1.4795
P8,tPad,Clipped,Quarter,0.5472
P8,tPad,Clipped,Quarter,1.9068
P8,tPad,Clipped,Quarter,1.7677
P8,tPad,Clipped,Quarter,0.8108
P8,tPad,Clipped,Quarter,0.1646
P8,tPad,Clipped,Quarter,0.4183
P8,Normal,Clipped,ThreeQuarters,2.383
P8,Normal,Clipped,ThreeQuarters,1.7086
P8,Normal,Clipped,ThreeQuarters,2.1918
P8,Normal,Clipped,ThreeQuarters,2.8008
P8,Normal,Clipped,ThreeQuarters,0.6469
P8,Normal,Clipped,ThreeQuarters,2.9695
P8,Normal,Clipped,ThreeQuarters,0.4064
P8,Normal,Clipped,ThreeQuarters,0.8837
P8,Normal,Clipped,ThreeQuarters,4.338
P8,tPad,Clipped,Half,2.0643
P8,tPad,Clipped,Half,0.4238
P8,tPad,Clipped,Half,0.0487
P8,tPad,Clipped,Half,0
P8,tPad,Clipped,Half,0.6448
P8,tPad,Clipped,Half,0.4101
P8,tPad,Clipped,Half,0.2187
P8,tPad,Clipped,Half,0.1923
P8,tPad,Clipped,Half,0.1929
P8,Normal,Clipped,Half,1.6523
P8,Normal,Clipped,Half,0.0442
P8,Normal,Clipped,Half,2.5392
P8,Normal,Clipped,Half,4.1076
P8,Normal,Clipped,Half,4.4464
P8,Normal,Clipped,Half,1.6549
P8,Normal,Clipped,Half,4.5696
P8,Normal,Clipped,Half,0.8181
P8,Normal,Clipped,Half,0.9502
P8,tPad,Clipped,ThreeQuarters,0.2678
P8,tPad,Clipped,ThreeQuarters,1.2231
P8,tPad,Clipped,ThreeQuarters,3.7528
P8,tPad,Clipped,ThreeQuarters,0.2323
P8,tPad,Clipped,ThreeQuarters,0.1259
P8,tPad,Clipped,ThreeQuarters,0.2703
P8,tPad,Clipped,ThreeQuarters,0.1839
P8,tPad,Clipped,ThreeQuarters,0.5227
P8,tPad,Clipped,ThreeQuarters,0.1357
P8,Normal,Clipped,Quarter,2.9315
P8,Normal,Clipped,Quarter,1.4277
P8,Normal,Clipped,Quarter,1.3
P8,Normal,Clipped,Quarter,4.6728
P8,Normal,Clipped,Quarter,1.6136
P8,Normal,Clipped,Quarter,9.2103
P8,Normal,Clipped,Quarter,1.2107
P8,Normal,Clipped,Quarter,2.9775
P8,Normal,Clipped,Quarter,1.6609
P8,Normal,Normal,Quarter,0.7073
P8,Normal,Normal,Quarter,0.7117
P8,Normal,Normal,Quarter,1.9614
P8,Normal,Normal,Quarter,0.3745
P8,Normal,Normal,Quarter,0.7538
P8,Normal,Normal,Quarter,5.8774
P8,Normal,Normal,Quarter,5.2375
P8,Normal,Normal,Quarter,7.8533
P8,Normal,Normal,Quarter,6.229
P8,Normal,Normal,ThreeQuarters,1.5967
P8,Normal,Normal,ThreeQuarters,1.7837
P8,Normal,Normal,ThreeQuarters,2.4896
P8,Normal,Normal,ThreeQuarters,0.3049
P8,Normal,Normal,ThreeQuarters,0
P8,Normal,Normal,ThreeQuarters,5.0115
P8,Normal,Normal,ThreeQuarters,4.1182
P8,Normal,Normal,ThreeQuarters,3.4197
P8,Normal,Normal,ThreeQuarters,2.6063
P8,Normal,Normal,Half,0.7994
P8,Normal,Normal,Half,0.3165
P8,Normal,Normal,Half,2.2395
P8,Normal,Normal,Half,1.5009
P8,Normal,Normal,Half,2.1299
P8,Normal,Normal,Half,4.3432
P8,Normal,Normal,Half,1.9902
P8,Normal,Normal,Half,1.4626
P8,Normal,Normal,Half,3.4284
P9,tPad,Normal,ThreeQuarters,0.7007
P9,tPad,Normal,ThreeQuarters,1.4402
P9,tPad,Normal,ThreeQuarters,0.4719
P9,tPad,Normal,ThreeQuarters,0.7287
P9,tPad,Normal,ThreeQuarters,0.9361
P9,tPad,Normal,ThreeQuarters,2.4501
P9,tPad,Normal,ThreeQuarters,0.9792
P9,tPad,Normal,ThreeQuarters,4.7466
P9,tPad,Normal,ThreeQuarters,3.0009
P9,tPad,Clipped,Quarter,3.8585
P9,tPad,Clipped,Quarter,3.2754
P9,tPad,Clipped,Quarter,0.754
P9,tPad,Clipped,Quarter,4.2127
P9,tPad,Clipped,Quarter,0.6702
P9,tPad,Clipped,Quarter,1.241
P9,tPad,Clipped,Quarter,2.0499
P9,tPad,Clipped,Quarter,3.0831
P9,tPad,Clipped,Quarter,6.6228
P9,tPad,Normal,Half,2.7072
P9,tPad,Normal,Half,3.7428
P9,tPad,Normal,Half,0.7437
P9,tPad,Normal,Half,1.59
P9,tPad,Normal,Half,1.9104
P9,tPad,Normal,Half,0.1158
P9,tPad,Normal,Half,1.6138
P9,tPad,Normal,Half,0.2767
P9,tPad,Normal,Half,1.6193
P9,tPad,Clipped,Half,1.3637
P9,tPad,Clipped,Half,5.7392
P9,tPad,Clipped,Half,2.5511
P9,tPad,Clipped,Half,4.0849
P9,tPad,Clipped,Half,0.0379
P9,tPad,Clipped,Half,0.1602
P9,tPad,Clipped,Half,1.4979
P9,tPad,Clipped,Half,1.3025
P9,tPad,Clipped,Half,0.9243
P9,tPad,Normal,Quarter,0.8992
P9,tPad,Normal,Quarter,1.0928
P9,tPad,Normal,Quarter,0.1437
P9,tPad,Normal,Quarter,0.9253
P9,tPad,Normal,Quarter,0.1535
P9,tPad,Normal,Quarter,0.7135
P9,tPad,Normal,Quarter,1.5091
P9,tPad,Normal,Quarter,0.1504
P9,tPad,Normal,Quarter,0.4802
P9,tPad,Clipped,ThreeQuarters,1.4693
P9,tPad,Clipped,ThreeQuarters,0.3826
P9,tPad,Clipped,ThreeQuarters,0.3245
P9,tPad,Clipped,ThreeQuarters,1.7896
P9,tPad,Clipped,ThreeQuarters,1.9465
P9,tPad,Clipped,ThreeQuarters,0.7709
P9,tPad,Clipped,ThreeQuarters,2.1783
P9,tPad,Clipped,ThreeQuarters,0.0998
P9,tPad,Clipped,ThreeQuarters,0.0425
P9,Normal,Clipped,ThreeQuarters,1.2204
P9,Normal,Clipped,ThreeQuarters,1.1212
P9,Normal,Clipped,ThreeQuarters,1.9288
P9,Normal,Clipped,ThreeQuarters,1.1652
P9,Normal,Clipped,ThreeQuarters,0.7953
P9,Normal,Clipped,ThreeQuarters,0.7527
P9,Normal,Clipped,ThreeQuarters,0.481
P9,Normal,Clipped,ThreeQuarters,0.7873
P9,Normal,Clipped,ThreeQuarters,2.3368
P9,Normal,Normal,Quarter,1.9731
P9,Normal,Normal,Quarter,2.1208
P9,Normal,Normal,Quarter,3.9116
P9,Normal,Normal,Quarter,1.8765
P9,Normal,Normal,Quarter,1.606
P9,Normal,Normal,Quarter,2.1369
P9,Normal,Normal,Quarter,0.4441
P9,Normal,Normal,Quarter,0
P9,Normal,Normal,Quarter,0.4407
P9,Normal,Clipped,Half,8.7879
P9,Normal,Clipped,Half,0.9663
P9,Normal,Clipped,Half,3.2397
P9,Normal,Clipped,Half,8.1892
P9,Normal,Clipped,Half,2.7052
P9,Normal,Clipped,Half,0.7287
P9,Normal,Clipped,Half,1.273
P9,Normal,Clipped,Half,0.8767
P9,Normal,Clipped,Half,0.8206
P9,Normal,Normal,Half,1.1233
P9,Normal,Normal,Half,0.8519
P9,Normal,Normal,Half,3.3246
P9,Normal,Normal,Half,0.2593
P9,Normal,Normal,Half,0.8318
P9,Normal,Normal,Half,2.0887
P9,Normal,Normal,Half,0.2836
P9,Normal,Normal,Half,2.721
P9,Normal,Normal,Half,1.0051
P9,Normal,Clipped,Quarter,8.1058
P9,Normal,Clipped,Quarter,1.1108
P9,Normal,Clipped,Quarter,0.801
P9,Normal,Clipped,Quarter,4.9613
P9,Normal,Clipped,Quarter,0.031
P9,Normal,Clipped,Quarter,0.3452
P9,Normal,Clipped,Quarter,1.0809
P9,Normal,Clipped,Quarter,0.8303
P9,Normal,Clipped,Quarter,2.567
P9,Normal,Normal,ThreeQuarters,0.5846
P9,Normal,Normal,ThreeQuarters,2.3859
P9,Normal,Normal,ThreeQuarters,3.5967
P9,Normal,Normal,ThreeQuarters,2.9425
P9,Normal,Normal,ThreeQuarters,1.8648
P9,Normal,Normal,ThreeQuarters,0.078
P9,Normal,Normal,ThreeQuarters,0.601
P9,Normal,Normal,ThreeQuarters,1.2018
P9,Normal,Normal,ThreeQuarters,0.2146
P10,tPad,Clipped,Quarter,3.5384
P10,tPad,Clipped,Quarter,0.1617
P10,tPad,Clipped,Quarter,1.7704
P10,tPad,Clipped,Quarter,0.9179
P10,tPad,Clipped,Quarter,0.028
P10,tPad,Clipped,Quarter,2.714
P10,tPad,Clipped,Quarter,1.4961
P10,tPad,Clipped,Quarter,0.38
P10,tPad,Clipped,Quarter,0.3399
P10,tPad,Clipped,Half,0.9378
P10,tPad,Clipped,Half,0.8224
P10,tPad,Clipped,Half,0.5232
P10,tPad,Clipped,Half,0.4356
P10,tPad,Clipped,Half,0.3868
P10,tPad,Clipped,Half,0.5996
P10,tPad,Clipped,Half,0.2191
P10,tPad,Clipped,Half,0.2826
P10,tPad,Clipped,Half,2.6947
P10,tPad,Normal,ThreeQuarters,2.0393
P10,tPad,Normal,ThreeQuarters,0.1539
P10,tPad,Normal,ThreeQuarters,1.2007
P10,tPad,Normal,ThreeQuarters,0.6006
P10,tPad,Normal,ThreeQuarters,0.532
P10,tPad,Normal,ThreeQuarters,0.3659
P10,tPad,Normal,ThreeQuarters,0.198
P10,tPad,Normal,ThreeQuarters,0.8307
P10,tPad,Normal,ThreeQuarters,1.0933
P10,tPad,Clipped,ThreeQuarters,0.0075
P10,tPad,Clipped,ThreeQuarters,0.0019
P10,tPad,Clipped,ThreeQuarters,0.5352
P10,tPad,Clipped,ThreeQuarters,0.2997
P10,tPad,Clipped,ThreeQuarters,0.292
P10,tPad,Clipped,ThreeQuarters,1.3188
P10,tPad,Clipped,ThreeQuarters,0.2757
P10,tPad,Clipped,ThreeQuarters,0.0254
P10,tPad,Clipped,ThreeQuarters,0.0338
P10,tPad,Normal,Half,0.2164
P10,tPad,Normal,Half,0.7977
P10,tPad,Normal,Half,2.1575
P10,tPad,Normal,Half,1.05
P10,tPad,Normal,Half,0.2533
P10,tPad,Normal,Half,0.8329
P10,tPad,Normal,Half,0.7285
P10,tPad,Normal,Half,1.8766
P10,tPad,Normal,Half,0.9254
P10,Normal,Normal,Quarter,5.5089
P10,Normal,Normal,Quarter,3.5487
P10,Normal,Normal,Quarter,3.231
P10,Normal,Normal,Quarter,2.2546
P10,Normal,Normal,Quarter,2.663
P10,Normal,Normal,Quarter,0.8425
P10,Normal,Normal,Quarter,1.8912
P10,Normal,Normal,Quarter,1.7715
P10,Normal,Normal,Quarter,2.4628
P10,tPad,Normal,Quarter,1.6559
P10,tPad,Normal,Quarter,1.093
P10,tPad,Normal,Quarter,2.0853
P10,tPad,Normal,Quarter,0.6906
P10,tPad,Normal,Quarter,1.478
P10,tPad,Normal,Quarter,2.5231
P10,tPad,Normal,Quarter,1.4264
P10,tPad,Normal,Quarter,0.2232
P10,tPad,Normal,Quarter,0.3174
P10,Normal,Normal,Half,0.8185
P10,Normal,Normal,Half,0.8733
P10,Normal,Normal,Half,2.6506
P10,Normal,Normal,Half,0.5011
P10,Normal,Normal,Half,1.4203
P10,Normal,Normal,Half,1.1706
P10,Normal,Normal,Half,0.4855
P10,Normal,Normal,Half,1.7075
P10,Normal,Normal,Half,2.0051
P10,Normal,Clipped,ThreeQuarters,0.5039
P10,Normal,Clipped,ThreeQuarters,2.5448
P10,Normal,Clipped,ThreeQuarters,1.1597
P10,Normal,Clipped,ThreeQuarters,1.7579
P10,Normal,Clipped,ThreeQuarters,1.416
P10,Normal,Clipped,ThreeQuarters,0.7542
P10,Normal,Clipped,ThreeQuarters,2.2315
P10,Normal,Clipped,ThreeQuarters,0.7631
P10,Normal,Clipped,ThreeQuarters,0.7538
P10,Normal,Normal,ThreeQuarters,2.15
P10,Normal,Normal,ThreeQuarters,3.3206
P10,Normal,Normal,ThreeQuarters,3.4166
P10,Normal,Normal,ThreeQuarters,0.7465
P10,Normal,Normal,ThreeQuarters,0.8069
P10,Normal,Normal,ThreeQuarters,0.191
P10,Normal,Normal,ThreeQuarters,1.3804
P10,Normal,Normal,ThreeQuarters,1.4641
P10,Normal,Normal,ThreeQuarters,2.7006
P10,Normal,Clipped,Half,0.3686
P10,Normal,Clipped,Half,1.8285
P10,Normal,Clipped,Half,0.4078
P10,Normal,Clipped,Half,1.0182
P10,Normal,Clipped,Half,0.9159
P10,Normal,Clipped,Half,0.2544
P10,Normal,Clipped,Half,0.9142
P10,Normal,Clipped,Half,0.3262
P10,Normal,Clipped,Half,0.3059
P10,Normal,Clipped,Quarter,1.9197
P10,Normal,Clipped,Quarter,0.2586
P10,Normal,Clipped,Quarter,1.2299
P10,Normal,Clipped,Quarter,0.1518
P10,Normal,Clipped,Quarter,1.5079
P10,Normal,Clipped,Quarter,3.2799
P10,Normal,Clipped,Quarter,5.9588
P10,Normal,Clipped,Quarter,4.6614
P10,Normal,Clipped,Quarter,3.3045
P11,tPad,Clipped,Half,0.5731
P11,tPad,Clipped,Half,2.0875
P11,tPad,Clipped,Half,3.7376
P11,tPad,Clipped,Half,2.0736
P11,tPad,Clipped,Half,2.478
P11,tPad,Clipped,Half,0.2214
P11,tPad,Clipped,Half,1.1753
P11,tPad,Clipped,Half,0.3234
P11,tPad,Clipped,Half,1.2209
P11,tPad,Clipped,ThreeQuarters,0.5702
P11,tPad,Clipped,ThreeQuarters,1.278
P11,tPad,Clipped,ThreeQuarters,1.8988
P11,tPad,Clipped,ThreeQuarters,0.3645
P11,tPad,Clipped,ThreeQuarters,1.4032
P11,tPad,Clipped,ThreeQuarters,1.2043
P11,tPad,Clipped,ThreeQuarters,2.1676
P11,tPad,Clipped,ThreeQuarters,1.9366
P11,tPad,Clipped,ThreeQuarters,2.251
P11,tPad,Clipped,Quarter,0.2079
P11,tPad,Clipped,Quarter,3.5553
P11,tPad,Clipped,Quarter,3.9125
P11,tPad,Clipped,Quarter,2.575
P11,tPad,Clipped,Quarter,4.3328
P11,tPad,Clipped,Quarter,2.054
P11,tPad,Clipped,Quarter,2.2558
P11,tPad,Clipped,Quarter,2.775
P11,tPad,Clipped,Quarter,3.6799
P11,Normal,Normal,Quarter,1.4879
P11,Normal,Normal,Quarter,1.9581
P11,Normal,Normal,Quarter,0
P11,Normal,Normal,Quarter,1.1935
P11,Normal,Normal,Quarter,0.6366
P11,Normal,Normal,Quarter,0.6821
P11,Normal,Normal,Quarter,1.3322
P11,Normal,Normal,Quarter,4.3987
P11,Normal,Normal,Quarter,3.0448
P11,tPad,Normal,ThreeQuarters,0.0292
P11,tPad,Normal,ThreeQuarters,0.4439
P11,tPad,Normal,ThreeQuarters,0.5846
P11,tPad,Normal,ThreeQuarters,1.2777
P11,tPad,Normal,ThreeQuarters,1.4715
P11,tPad,Normal,ThreeQuarters,1.0416
P11,tPad,Normal,ThreeQuarters,0.6565
P11,tPad,Normal,ThreeQuarters,0.5892
P11,tPad,Normal,ThreeQuarters,0.868
P11,Normal,Normal,Half,1.7594
P11,Normal,Normal,Half,0.8948
P11,Normal,Normal,Half,1.4528
P11,Normal,Normal,Half,2.3244
P11,Normal,Normal,Half,0.7283
P11,Normal,Normal,Half,3.4682
P11,Normal,Normal,Half,4.0856
P11,Normal,Normal,Half,0.7441
P11,Normal,Normal,Half,1.7509
P11,tPad,Normal,Half,0.6985
P11,tPad,Normal,Half,0.0633
P11,tPad,Normal,Half,0.1237
P11,tPad,Normal,Half,0.0445
P11,tPad,Normal,Half,0.7284
P11,tPad,Normal,Half,0.0921
P11,tPad,Normal,Half,0.9509
P11,tPad,Normal,Half,2.4505
P11,tPad,Normal,Half,1.0351
P11,Normal,Normal,ThreeQuarters,1.3849
P11,Normal,Normal,ThreeQuarters,1.0408
P11,Normal,Normal,ThreeQuarters,0.3898
P11,Normal,Normal,ThreeQuarters,0.1842
P11,Normal,Normal,ThreeQuarters,1.0769
P11,Normal,Normal,ThreeQuarters,0.2025
P11,Normal,Normal,ThreeQuarters,0.9754
P11,Normal,Normal,ThreeQuarters,1.5813
P11,Normal,Normal,ThreeQuarters,0.5787
P11,tPad,Normal,Quarter,0.3965
P11,tPad,Normal,Quarter,1.6273
P11,tPad,Normal,Quarter,0.7848
P11,tPad,Normal,Quarter,0.9439
P11,tPad,Normal,Quarter,0.3982
P11,tPad,Normal,Quarter,0.1589
P11,tPad,Normal,Quarter,1.6686
P11,tPad,Normal,Quarter,1.4768
P11,tPad,Normal,Quarter,0.3927
P11,Normal,Clipped,Quarter,0.909
P11,Normal,Clipped,Quarter,0.1301
P11,Normal,Clipped,Quarter,1.0324
P11,Normal,Clipped,Quarter,0.172
P11,Normal,Clipped,Quarter,4.2673
P11,Normal,Clipped,Quarter,0.5483
P11,Normal,Clipped,Quarter,0.1949
P11,Normal,Clipped,Quarter,0.6982
P11,Normal,Clipped,Quarter,1.5657
P11,Normal,Clipped,ThreeQuarters,1.0989
P11,Normal,Clipped,ThreeQuarters,2.5817
P11,Normal,Clipped,ThreeQuarters,2.1598
P11,Normal,Clipped,ThreeQuarters,1.4955
P11,Normal,Clipped,ThreeQuarters,0.916
P11,Normal,Clipped,ThreeQuarters,1.4698
P11,Normal,Clipped,ThreeQuarters,1.519
P11,Normal,Clipped,ThreeQuarters,2.6818
P11,Normal,Clipped,ThreeQuarters,1.1308
P11,Normal,Clipped,Half,2.1355
P11,Normal,Clipped,Half,1.3397
P11,Normal,Clipped,Half,0.7957
P11,Normal,Clipped,Half,2.4127
P11,Normal,Clipped,Half,4.3511
P11,Normal,Clipped,Half,1.0818
P11,Normal,Clipped,Half,0.1055
P11,Normal,Clipped,Half,3.1885
P11,Normal,Clipped,Half,1.7444
P12,tPad,Clipped,ThreeQuarters,0.4581
P12,tPad,Clipped,ThreeQuarters,0.8312
P12,tPad,Clipped,ThreeQuarters,0.5345
P12,tPad,Clipped,ThreeQuarters,1.3975
P12,tPad,Clipped,ThreeQuarters,0.8304
P12,tPad,Clipped,ThreeQuarters,0.3987
P12,tPad,Clipped,ThreeQuarters,0.4299
P12,tPad,Clipped,ThreeQuarters,0.7151
P12,tPad,Clipped,ThreeQuarters,0.0686
P12,tPad,Clipped,Half,0.5872
P12,tPad,Clipped,Half,0.1318
P12,tPad,Clipped,Half,0.6362
P12,tPad,Clipped,Half,0.2432
P12,tPad,Clipped,Half,0.2771
P12,tPad,Clipped,Half,0.7967
P12,tPad,Clipped,Half,0.2514
P12,tPad,Clipped,Half,0.317
P12,tPad,Clipped,Half,0.4734
P12,tPad,Clipped,Quarter,0.6166
P12,tPad,Clipped,Quarter,0.9906
P12,tPad,Clipped,Quarter,0.7569
P12,tPad,Clipped,Quarter,1.2411
P12,tPad,Clipped,Quarter,1.3653
P12,tPad,Clipped,Quarter,1.5408
P12,tPad,Clipped,Quarter,1.1379
P12,tPad,Clipped,Quarter,0.5145
P12,tPad,Clipped,Quarter,0.6134
P12,tPad,Normal,Half,0.0877
P12,tPad,Normal,Half,0.4827
P12,tPad,Normal,Half,4.5343
P12,tPad,Normal,Half,1.0649
P12,tPad,Normal,Half,0.4816
P12,tPad,Normal,Half,0.5488
P12,tPad,Normal,Half,0.2691
P12,tPad,Normal,Half,0.978
P12,tPad,Normal,Half,0.9521
P12,tPad,Normal,Quarter,1.4674
P12,tPad,Normal,Quarter,0.7013
P12,tPad,Normal,Quarter,0.8292
P12,tPad,Normal,Quarter,3.1351
P12,tPad,Normal,Quarter,2.6538
P12,tPad,Normal,Quarter,0.7176
P12,tPad,Normal,Quarter,2.5448
P12,tPad,Normal,Quarter,0.4832
P12,tPad,Normal,Quarter,1.3281
