Participant,Device,Method,Size,TimeMillis
P1,Normal,Normal,Half,25916.4823
P1,Normal,Normal,Half,11891.6802
P1,Normal,Normal,Half,19208.0987
P1,Normal,Normal,Half,13038.7458
P1,Normal,Normal,Half,23547.3468
P1,Normal,Normal,Half,16962.9703
P1,Normal,Normal,Half,22847.3068
P1,Normal,Normal,Half,17406.9956
P1,Normal,Normal,Half,13575.7764
P1,Normal,Normal,ThreeQuarters,19284.103
P1,Normal,Normal,ThreeQuarters,20271.1594
P1,Normal,Normal,ThreeQuarters,10394.5945
P1,Normal,Normal,ThreeQuarters,14391.8232
P1,Normal,Normal,ThreeQuarters,12523.7163
P1,Normal,Normal,ThreeQuarters,24031.3745
P1,Normal,Normal,ThreeQuarters,16003.9153
P1,Normal,Normal,ThreeQuarters,17126.9796
P1,Normal,Normal,ThreeQuarters,16339.9346
P1,Normal,Clipped,Quarter,56999.2602
P1,Normal,Clipped,Quarter,50974.9156
P1,Normal,Clipped,Quarter,29526.6888
P1,Normal,Clipped,Quarter,29834.7064
P1,Normal,Clipped,Quarter,32163.8396
P1,Normal,Clipped,Quarter,34338.9641
P1,Normal,Clipped,Quarter,31359.7937
P1,Normal,Clipped,Quarter,27279.5603
P1,Normal,Clipped,Quarter,20356.1643
P1,tPad,Clipped,ThreeQuarters,51483.9447
P1,tPad,Clipped,ThreeQuarters,19505.1156
P1,tPad,Clipped,ThreeQuarters,15979.914
P1,tPad,Clipped,ThreeQuarters,19102.0926
P1,tPad,Clipped,ThreeQuarters,20131.1514
P1,tPad,Clipped,ThreeQuarters,12407.7097
P1,tPad,Clipped,ThreeQuarters,17187.9831
P1,tPad,Clipped,ThreeQuarters,17919.025
P1,tPad,Clipped,ThreeQuarters,13764.7873
P1,Normal,Clipped,Half,22843.3065
P1,Normal,Clipped,Half,24807.4189
P1,Normal,Clipped,Half,28891.6525
P1,Normal,Clipped,Half,29234.6721
P1,Normal,Clipped,Half,19688.126
P1,Normal,Clipped,Half,24222.3855
P1,Normal,Clipped,Half,23852.3642
P1,Normal,Clipped,Half,27477.5717
P1,Normal,Clipped,Half,22099.264
P1,tPad,Clipped,Half,71779.1055
P1,tPad,Clipped,Half,13410.7671
P1,tPad,Clipped,Half,17836.0202
P1,tPad,Clipped,Half,8627.4935
P1,tPad,Clipped,Half,17342.992
P1,tPad,Clipped,Half,15222.8707
P1,tPad,Clipped,Half,11979.6852
P1,tPad,Clipped,Half,11816.6759
P1,tPad,Clipped,Half,22115.2649
P1,Normal,Clipped,ThreeQuarters,26707.5276
P1,Normal,Clipped,ThreeQuarters,35545.0331
P1,Normal,Clipped,ThreeQuarters,30114.7225
P1,Normal,Clipped,ThreeQuarters,30111.7223
P1,Normal,Clipped,ThreeQuarters,40579.321
P1,Normal,Clipped,ThreeQuarters,30943.7698
P1,Normal,Clipped,ThreeQuarters,31199.7845
P1,Normal,Clipped,ThreeQuarters,29851.7074
P1,Normal,Clipped,ThreeQuarters,28575.6344
P1,tPad,Clipped,Quarter,42731.4441
P1,tPad,Clipped,Quarter,17102.9782
P1,tPad,Clipped,Quarter,20782.1887
P1,tPad,Clipped,Quarter,19095.0922
P1,tPad,Clipped,Quarter,26202.4987
P1,tPad,Clipped,Quarter,17178.9825
P1,tPad,Clipped,Quarter,18019.0307
P1,tPad,Clipped,Quarter,17923.0252
P1,tPad,Clipped,Quarter,27395.5669
P1,tPad,Normal,Quarter,10967.6273
P1,tPad,Normal,Quarter,11091.6344
P1,tPad,Normal,Quarter,11667.6673
P1,tPad,Normal,Quarter,14763.8445
P1,tPad,Normal,Quarter,11500.6578
P1,tPad,Normal,Quarter,9035.5168
P1,tPad,Normal,Quarter,12227.6994
P1,tPad,Normal,Quarter,8249.4718
P1,tPad,Normal,Quarter,10607.6067
P1,tPad,Normal,ThreeQuarters,32146.8387
P1,tPad,Normal,ThreeQuarters,7323.4189
P1,tPad,Normal,ThreeQuarters,7863.4498
P1,tPad,Normal,ThreeQuarters,6235.3566
P1,tPad,Normal,ThreeQuarters,6787.3882
P1,tPad,Normal,ThreeQuarters,7928.4535
P1,tPad,Normal,ThreeQuarters,6859.3924
P1,tPad,Normal,ThreeQuarters,7444.4258
P1,tPad,Normal,ThreeQuarters,5871.3358
P1,tPad,Normal,Half,8807.5038
P1,tPad,Normal,Half,6763.3868
P1,tPad,Normal,Half,9807.5609
P1,tPad,Normal,Half,6806.3893
P1,tPad,Normal,Half,7841.4485
P1,tPad,Normal,Half,8271.4731
P1,tPad,Normal,Half,6648.3803
P1,tPad,Normal,Half,5831.3335
P1,tPad,Normal,Half,5987.3424
P1,Normal,Normal,Quarter,14483.8284
P1,Normal,Normal,Quarter,11662.6671
P1,Normal,Normal,Quarter,8795.5031
P1,Normal,Normal,Quarter,17871.0222
P1,Normal,Normal,Quarter,9918.5673
P1,Normal,Normal,Quarter,12659.7241
P1,Normal,Normal,Quarter,10692.6116
P1,Normal,Normal,Quarter,13679.7824
P1,Normal,Normal,Quarter,12499.715
P2,Normal,Normal,Half,12766.7303
P2,Normal,Normal,Half,17074.9766
P2,Normal,Normal,Half,23223.3283
P2,Normal,Normal,Half,10891.623
P2,Normal,Normal,Half,10347.5919
P2,Normal,Normal,Half,13742.786
P2,Normal,Normal,Half,6804.3892
P2,Normal,Normal,Half,7052.4034
P2,Normal,Normal,Half,7895.4516
P2,Normal,Normal,ThreeQuarters,15462.8844
P2,Normal,Normal,ThreeQuarters,7642.4371
P2,Normal,Normal,ThreeQuarters,10899.6234
P2,Normal,Normal,ThreeQuarters,15621.8935
P2,Normal,Normal,ThreeQuarters,10637.6084
P2,Normal,Normal,ThreeQuarters,8124.4647
P2,Normal,Normal,ThreeQuarters,7063.404
P2,Normal,Normal,ThreeQuarters,6830.3907
P2,Normal,Normal,ThreeQuarters,6159.3523
P2,Normal,Normal,Quarter,15922.9108
P2,Normal,Normal,Quarter,8616.4928
P2,Normal,Normal,Quarter,9479.5422
P2,Normal,Normal,Quarter,15590.8917
P2,Normal,Normal,Quarter,11390.6515
P2,Normal,Normal,Quarter,8396.4803
P2,Normal,Normal,Quarter,14642.8375
P2,Normal,Normal,Quarter,13671.7819
P2,Normal,Normal,Quarter,8860.5068
P2,Normal,Clipped,Quarter,16655.9527
P2,Normal,Clipped,Quarter,13978.7995
P2,Normal,Clipped,Quarter,19768.1307
P2,Normal,Clipped,Quarter,16078.9196
P2,Normal,Clipped,Quarter,20000.144
P2,Normal,Clipped,Quarter,17250.9867
P2,Normal,Clipped,Quarter,14799.8465
P2,Normal,Clipped,Quarter,21863.2505
P2,Normal,Clipped,Quarter,16530.9456
P2,tPad,Clipped,ThreeQuarters,32195.8415
P2,tPad,Clipped,ThreeQuarters,8250.4719
P2,tPad,Clipped,ThreeQuarters,7931.4537
P2,tPad,Clipped,ThreeQuarters,10819.6188
P2,tPad,Clipped,ThreeQuarters,7415.4241
P2,tPad,Clipped,ThreeQuarters,6489.3712
P2,tPad,Clipped,ThreeQuarters,6879.3935
P2,tPad,Clipped,ThreeQuarters,13582.7768
P2,tPad,Clipped,ThreeQuarters,10463.5985
P2,Normal,Clipped,Half,44246.5308
P2,Normal,Clipped,Half,20012.1447
P2,Normal,Clipped,Half,19650.124
P2,Normal,Clipped,Half,17194.9835
P2,Normal,Clipped,Half,16259.93
P2,Normal,Clipped,Half,13890.7945
P2,Normal,Clipped,Half,20988.2004
P2,Normal,Clipped,Half,24199.3841
P2,Normal,Clipped,Half,10539.6028
P2,tPad,Clipped,Half,18224.0424
P2,tPad,Clipped,Half,10435.5969
P2,tPad,Clipped,Half,9463.5413
P2,tPad,Clipped,Half,23320.3338
P2,tPad,Clipped,Half,11077.6336
P2,tPad,Clipped,Half,6826.3905
P2,tPad,Clipped,Half,7572.4332
P2,tPad,Clipped,Half,7260.4153
P2,tPad,Clipped,Half,6319.3615
P2,Normal,Clipped,ThreeQuarters,18447.0551
P2,Normal,Clipped,ThreeQuarters,19936.1402
P2,Normal,Clipped,ThreeQuarters,23698.3555
P2,Normal,Clipped,ThreeQuarters,11447.6548
P2,Normal,Clipped,ThreeQuarters,18740.0719
P2,Normal,Clipped,ThreeQuarters,13495.7719
P2,Normal,Clipped,ThreeQuarters,15163.8673
P2,Normal,Clipped,ThreeQuarters,13818.7904
P2,Normal,Clipped,ThreeQuarters,17334.9915
P2,tPad,Clipped,Quarter,9207.5267
P2,tPad,Clipped,Quarter,8281.4737
P2,tPad,Clipped,Quarter,6895.3944
P2,tPad,Clipped,Quarter,9998.5719
P2,tPad,Clipped,Quarter,6924.3961
P2,tPad,Clipped,Quarter,8223.4704
P2,tPad,Clipped,Quarter,9567.5472
P2,tPad,Clipped,Quarter,10567.6045
P2,tPad,Clipped,Quarter,7232.4137
P2,tPad,Normal,Quarter,4647.2658
P2,tPad,Normal,Quarter,3129.179
P2,tPad,Normal,Quarter,4719.27
P2,tPad,Normal,Quarter,3611.2065
P2,tPad,Normal,Quarter,4936.2824
P2,tPad,Normal,Quarter,5128.2933
P2,tPad,Normal,Quarter,4735.2708
P2,tPad,Normal,Quarter,4696.2686
P2,tPad,Normal,Quarter,4495.2572
P2,tPad,Normal,ThreeQuarters,7323.4189
P2,tPad,Normal,ThreeQuarters,5151.2946
P2,tPad,Normal,ThreeQuarters,5871.3358
P2,tPad,Normal,ThreeQuarters,5279.302
P2,tPad,Normal,ThreeQuarters,4491.2568
P2,tPad,Normal,ThreeQuarters,4200.2402
P2,tPad,Normal,ThreeQuarters,3355.1919
P2,tPad,Normal,ThreeQuarters,3168.1812
P2,tPad,Normal,ThreeQuarters,3008.1721
P2,tPad,Normal,Half,3935.2251
P2,tPad,Normal,Half,3384.1936
P2,tPad,Normal,Half,5467.3127
P2,tPad,Normal,Half,3496.2
P2,tPad,Normal,Half,3723.2129
P2,tPad,Normal,Half,4902.2804
P2,tPad,Normal,Half,4264.2439
P2,tPad,Normal,Half,4712.2695
P2,tPad,Normal,Half,3715.2125
P3,Normal,Normal,ThreeQuarters,7690.4399
P3,Normal,Normal,ThreeQuarters,6835.391
P3,Normal,Normal,ThreeQuarters,5288.3025
P3,Normal,Normal,ThreeQuarters,5921.3387
P3,Normal,Normal,ThreeQuarters,4912.281
P3,Normal,Normal,ThreeQuarters,7355.4207
P3,Normal,Normal,ThreeQuarters,5035.288
P3,Normal,Normal,ThreeQuarters,4744.2713
P3,Normal,Normal,ThreeQuarters,5407.3093
P3,Normal,Clipped,Quarter,21559.2332
P3,Normal,Clipped,Quarter,27895.5956
P3,Normal,Clipped,Quarter,32322.8488
P3,Normal,Clipped,Quarter,23704.3558
P3,Normal,Clipped,Quarter,17684.0114
P3,Normal,Clipped,Quarter,15363.8787
P3,Normal,Clipped,Quarter,12603.7208
P3,Normal,Clipped,Quarter,16099.9208
P3,Normal,Clipped,Quarter,16028.9168
P3,Normal,Normal,Half,6879.3935
P3,Normal,Normal,Half,7435.4253
P3,Normal,Normal,Half,4900.2802
P3,Normal,Normal,Half,8068.4614
P3,Normal,Normal,Half,4690.2683
P3,Normal,Normal,Half,5336.3052
P3,Normal,Normal,Half,7239.4141
P3,Normal,Normal,Half,6955.3978
P3,Normal,Normal,Half,8244.4716
P3,Normal,Clipped,Half,12287.7029
P3,Normal,Clipped,Half,17841.0204
P3,Normal,Clipped,Half,12957.7412
P3,Normal,Clipped,Half,19211.0989
P3,Normal,Clipped,Half,11527.6593
P3,Normal,Clipped,Half,17050.9753
P3,Normal,Clipped,Half,17510.0015
P3,Normal,Clipped,Half,20267.1592
P3,Normal,Clipped,Half,10663.6099
P3,Normal,Normal,Quarter,6667.3813
P3,Normal,Normal,Quarter,9146.5231
P3,Normal,Normal,Quarter,6640.3798
P3,Normal,Normal,Quarter,5782.3307
P3,Normal,Normal,Quarter,5571.3187
P3,Normal,Normal,Quarter,7015.4012
P3,Normal,Normal,Quarter,6823.3903
P3,Normal,Normal,Quarter,7411.4239
P3,Normal,Normal,Quarter,8298.4746
P3,Normal,Clipped,ThreeQuarters,15654.8954
P3,Normal,Clipped,ThreeQuarters,12247.7005
P3,Normal,Clipped,ThreeQuarters,20886.1946
P3,Normal,Clipped,ThreeQuarters,15814.9046
P3,Normal,Clipped,ThreeQuarters,9571.5474
P3,Normal,Clipped,ThreeQuarters,19468.1135
P3,Normal,Clipped,ThreeQuarters,11156.6381
P3,Normal,Clipped,ThreeQuarters,9327.5335
P3,Normal,Clipped,ThreeQuarters,11015.6301
P3,tPad,Clipped,ThreeQuarters,23527.3457
P3,tPad,Clipped,ThreeQuarters,12691.7259
P3,tPad,Clipped,ThreeQuarters,8739.4998
P3,tPad,Clipped,ThreeQuarters,13979.7996
P3,tPad,Clipped,ThreeQuarters,10391.5944
P3,tPad,Clipped,ThreeQuarters,13550.775
P3,tPad,Clipped,ThreeQuarters,8203.4692
P3,tPad,Clipped,ThreeQuarters,12271.7019
P3,tPad,Clipped,ThreeQuarters,9787.5598
P3,tPad,Normal,Quarter,11762.6728
P3,tPad,Normal,Quarter,5903.3377
P3,tPad,Normal,Quarter,8923.5104
P3,tPad,Normal,Quarter,4864.2782
P3,tPad,Normal,Quarter,6603.3777
P3,tPad,Normal,Quarter,5203.2976
P3,tPad,Normal,Quarter,7244.4143
P3,tPad,Normal,Quarter,4399.2516
P3,tPad,Normal,Quarter,6703.3834
P3,tPad,Clipped,Half,11180.6395
P3,tPad,Clipped,Half,10729.6137
P3,tPad,Clipped,Half,11118.6359
P3,tPad,Clipped,Half,8843.5058
P3,tPad,Clipped,Half,8799.5033
P3,tPad,Clipped,Half,7395.423
P3,tPad,Clipped,Half,6079.3477
P3,tPad,Clipped,Half,9099.5205
P3,tPad,Clipped,Half,10827.6193
P3,tPad,Normal,Half,4997.2858
P3,tPad,Normal,Half,4471.2558
P3,tPad,Normal,Half,6480.3707
P3,tPad,Normal,Half,5520.3157
P3,tPad,Normal,Half,4991.2855
P3,tPad,Normal,Half,4123.2358
P3,tPad,Normal,Half,4763.2724
P3,tPad,Normal,Half,4344.2484
P3,tPad,Normal,Half,4391.2511
P3,tPad,Clipped,Quarter,9738.557
P3,tPad,Clipped,Quarter,8835.5054
P3,tPad,Clipped,Quarter,8851.5062
P3,tPad,Clipped,Quarter,10051.5749
P3,tPad,Clipped,Quarter,8471.4845
P3,tPad,Clipped,Quarter,7907.4523
P3,tPad,Clipped,Quarter,9404.5379
P3,tPad,Clipped,Quarter,8107.4638
P3,tPad,Clipped,Quarter,8479.485
P3,tPad,Normal,ThreeQuarters,4139.2368
P3,tPad,Normal,ThreeQuarters,4520.2586
P3,tPad,Normal,ThreeQuarters,4479.2562
P3,tPad,Normal,ThreeQuarters,4261.2437
P3,tPad,Normal,ThreeQuarters,6520.373
P3,tPad,Normal,ThreeQuarters,4847.2773
P3,tPad,Normal,ThreeQuarters,6499.3718
P3,tPad,Normal,ThreeQuarters,7099.4061
P3,tPad,Normal,ThreeQuarters,4298.2459
P4,Normal,Clipped,Quarter,22034.2603
P4,Normal,Clipped,Quarter,14670.8392
P4,Normal,Clipped,Quarter,7768.4444
P4,Normal,Clipped,Quarter,11811.6756
P4,Normal,Clipped,Quarter,10979.628
P4,Normal,Clipped,Quarter,13451.7694
P4,Normal,Clipped,Quarter,10907.6239
P4,Normal,Clipped,Quarter,9971.5703
P4,Normal,Clipped,Quarter,8000.4576
P4,Normal,Clipped,Half,24314.3907
P4,Normal,Clipped,Half,26639.5237
P4,Normal,Clipped,Half,16427.9396
P4,Normal,Clipped,Half,12731.7282
P4,Normal,Clipped,Half,15144.8662
P4,Normal,Clipped,Half,16674.9538
P4,Normal,Clipped,Half,14026.8022
P4,Normal,Clipped,Half,12263.7014
P4,Normal,Clipped,Half,16184.9257
P4,Normal,Normal,ThreeQuarters,6515.3727
P4,Normal,Normal,ThreeQuarters,10275.5878
P4,Normal,Normal,ThreeQuarters,8346.4774
P4,Normal,Normal,ThreeQuarters,5396.3086
P4,Normal,Normal,ThreeQuarters,4930.282
P4,Normal,Normal,ThreeQuarters,5560.318
P4,Normal,Normal,ThreeQuarters,3435.1965
P4,Normal,Normal,ThreeQuarters,6249.3574
P4,Normal,Normal,ThreeQuarters,11102.635
P4,Normal,Clipped,ThreeQuarters,13659.7813
P4,Normal,Clipped,ThreeQuarters,12935.7399
P4,Normal,Clipped,ThreeQuarters,7996.4574
P4,Normal,Clipped,ThreeQuarters,8875.5077
P4,Normal,Clipped,ThreeQuarters,11288.6456
P4,Normal,Clipped,ThreeQuarters,13890.7945
P4,Normal,Clipped,ThreeQuarters,22700.2984
P4,Normal,Clipped,ThreeQuarters,44695.5565
P4,Normal,Clipped,ThreeQuarters,18376.051
P4,Normal,Normal,Half,10015.5728
P4,Normal,Normal,Half,6259.358
P4,Normal,Normal,Half,5607.3207
P4,Normal,Normal,Half,7231.4136
P4,Normal,Normal,Half,4843.277
P4,Normal,Normal,Half,5552.3176
P4,Normal,Normal,Half,5620.3215
P4,Normal,Normal,Half,7718.4415
P4,Normal,Normal,Half,6475.3704
P4,tPad,Normal,Quarter,15561.8901
P4,tPad,Normal,Quarter,6535.3738
P4,tPad,Normal,Quarter,3576.2045
P4,tPad,Normal,Quarter,3579.2047
P4,tPad,Normal,Quarter,4390.2511
P4,tPad,Normal,Quarter,5955.3406
P4,tPad,Normal,Quarter,5164.2954
P4,tPad,Normal,Quarter,4963.2839
P4,tPad,Normal,Quarter,4396.2515
P4,Normal,Normal,Quarter,5152.2947
P4,Normal,Normal,Quarter,7895.4516
P4,Normal,Normal,Quarter,6872.393
P4,Normal,Normal,Quarter,6420.3672
P4,Normal,Normal,Quarter,6243.3571
P4,Normal,Normal,Quarter,5503.3147
P4,Normal,Normal,Quarter,8219.4701
P4,Normal,Normal,Quarter,5505.3148
P4,tPad,Normal,Half,5984.3423
P4,tPad,Normal,Half,5431.3107
P4,tPad,Normal,Half,4310.2465
P4,tPad,Normal,Half,6445.3686
P4,tPad,Normal,Half,4473.2558
P4,tPad,Normal,Half,5715.3269
P4,tPad,Normal,Half,4056.232
P4,tPad,Normal,Half,6036.3452
P4,tPad,Normal,Half,3935.2251
P4,tPad,Clipped,ThreeQuarters,18376.051
P4,tPad,Clipped,ThreeQuarters,9747.5576
P4,tPad,Clipped,ThreeQuarters,5976.3418
P4,tPad,Clipped,ThreeQuarters,7771.4445
P4,tPad,Clipped,ThreeQuarters,6755.3864
P4,tPad,Clipped,ThreeQuarters,6104.3492
P4,tPad,Clipped,ThreeQuarters,7261.4153
P4,tPad,Clipped,ThreeQuarters,6396.3658
P4,tPad,Clipped,ThreeQuarters,5567.3184
P4,tPad,Normal,ThreeQuarters,3644.2084
P4,tPad,Normal,ThreeQuarters,3635.2079
P4,tPad,Normal,ThreeQuarters,3594.2056
P4,tPad,Normal,ThreeQuarters,3615.2068
P4,tPad,Normal,ThreeQuarters,4380.2506
P4,tPad,Normal,ThreeQuarters,5509.3151
P4,tPad,Normal,ThreeQuarters,3164.181
P4,tPad,Normal,ThreeQuarters,3620.2071
P4,tPad,Normal,ThreeQuarters,3871.2214
P4,tPad,Clipped,Half,20736.186
P4,tPad,Clipped,Half,6822.3902
P4,tPad,Clipped,Half,6779.3877
P4,tPad,Clipped,Half,6916.3956
P4,tPad,Clipped,Half,7015.4013
P4,tPad,Clipped,Half,6511.3724
P4,tPad,Clipped,Half,13114.7502
P4,tPad,Clipped,Half,10031.5737
P4,tPad,Clipped,Half,8055.4607
P4,tPad,Clipped,Quarter,13055.7467
P4,tPad,Clipped,Quarter,9329.5336
P4,tPad,Clipped,Quarter,7880.4508
P4,tPad,Clipped,Quarter,6339.3626
P4,tPad,Clipped,Quarter,3022.1728
P4,tPad,Clipped,Quarter,2184.125
P4,tPad,Clipped,Quarter,2935.1679
P4,tPad,Clipped,Quarter,5241.2998
P4,tPad,Clipped,Quarter,2993.1712
P5,Normal,Clipped,Half,27955.599
P5,Normal,Clipped,Half,11580.6623
P5,Normal,Clipped,Half,10395.5946
P5,Normal,Clipped,Half,10987.6285
P5,Normal,Clipped,Half,12651.7236
P5,Normal,Clipped,Half,12351.7065
P5,Normal,Clipped,Half,10043.5744
P5,Normal,Clipped,Half,19156.0957
P5,Normal,Clipped,Half,16624.9509
P5,Normal,Clipped,ThreeQuarters,26911.5392
P5,Normal,Clipped,ThreeQuarters,25788.475
P5,Normal,Clipped,ThreeQuarters,17222.9851
P5,Normal,Clipped,ThreeQuarters,41008.3456
P5,Normal,Clipped,ThreeQuarters,17603.0068
P5,Normal,Clipped,ThreeQuarters,21129.2086
P5,Normal,Clipped,ThreeQuarters,15802.9039
P5,Normal,Clipped,ThreeQuarters,17608.0071
P5,Normal,Clipped,ThreeQuarters,17496.0007
P5,Normal,Clipped,Quarter,22647.2954
P5,Normal,Clipped,Quarter,15547.8893
P5,Normal,Clipped,Quarter,27670.5827
P5,Normal,Clipped,Quarter,13239.7573
P5,Normal,Clipped,Quarter,16270.9306
P5,Normal,Clipped,Quarter,13855.7926
P5,Normal,Clipped,Quarter,15448.8837
P5,Normal,Clipped,Quarter,33535.9181
P5,Normal,Clipped,Quarter,30803.7619
P5,tPad,Normal,Quarter,53351.0515
P5,tPad,Normal,Quarter,8063.4612
P5,tPad,Normal,Quarter,18816.0763
P5,tPad,Normal,Quarter,10347.5919
P5,tPad,Normal,Quarter,5123.293
P5,tPad,Normal,Quarter,9692.5543
P5,tPad,Normal,Quarter,9307.5323
P5,tPad,Normal,Quarter,9251.5292
P5,tPad,Normal,Quarter,10107.5782
P5,Normal,Normal,ThreeQuarters,58547.3487
P5,Normal,Normal,ThreeQuarters,10291.5886
P5,Normal,Normal,ThreeQuarters,10379.5936
P5,Normal,Normal,ThreeQuarters,8511.4868
P5,Normal,Normal,ThreeQuarters,9524.5448
P5,Normal,Normal,ThreeQuarters,9546.5461
P5,Normal,Normal,ThreeQuarters,11097.6347
P5,Normal,Normal,ThreeQuarters,12127.6936
P5,Normal,Normal,Half,34314.9628
P5,Normal,Normal,Half,12447.712
P5,Normal,Normal,Half,11335.6483
P5,Normal,Normal,Half,18267.0448
P5,Normal,Normal,Half,15815.9046
P5,Normal,Normal,Half,13035.7456
P5,Normal,Normal,Half,12971.742
P5,Normal,Normal,Half,14578.8339
P5,Normal,Normal,Half,11663.6672
P5,Normal,Normal,Quarter,29675.6973
P5,Normal,Normal,Quarter,10571.6047
P5,Normal,Normal,Quarter,9687.5541
P5,Normal,Normal,Quarter,8235.471
P5,Normal,Normal,Quarter,8475.4848
P5,Normal,Normal,Quarter,16341.9347
P5,Normal,Normal,Quarter,10162.5813
P5,Normal,Normal,Quarter,11496.6575
P5,tPad,Clipped,Quarter,34579.9779
P5,tPad,Clipped,Quarter,11488.6571
P5,tPad,Clipped,Quarter,10587.6055
P5,tPad,Clipped,Quarter,4175.2388
P5,tPad,Clipped,Quarter,17166.9819
P5,tPad,Clipped,Quarter,10811.6184
P5,tPad,Clipped,Quarter,12416.7102
P5,tPad,Clipped,Quarter,9111.5212
P5,tPad,Clipped,Quarter,14947.855
P5,tPad,Clipped,ThreeQuarters,10639.6085
P5,tPad,Clipped,ThreeQuarters,11387.6513
P5,tPad,Clipped,ThreeQuarters,17668.0105
P5,tPad,Clipped,ThreeQuarters,10975.6277
P5,tPad,Clipped,ThreeQuarters,14951.8552
P5,tPad,Clipped,ThreeQuarters,17042.9748
P5,tPad,Clipped,ThreeQuarters,10170.5817
P5,tPad,Clipped,ThreeQuarters,9032.5167
P5,tPad,Clipped,ThreeQuarters,12443.7118
P5,tPad,Clipped,Half,15691.8976
P5,tPad,Clipped,Half,12771.7305
P5,tPad,Clipped,Half,13711.7842
P5,tPad,Clipped,Half,10234.5854
P5,tPad,Clipped,Half,20900.1954
P5,tPad,Clipped,Half,14582.8341
P5,tPad,Clipped,Half,12699.7264
P5,tPad,Clipped,Half,15723.8994
P5,tPad,Clipped,Half,13743.7861
P6,Normal,Clipped,ThreeQuarters,28179.6118
P6,Normal,Clipped,ThreeQuarters,20226.1568
P6,Normal,Clipped,ThreeQuarters,16023.9165
P6,Normal,Clipped,ThreeQuarters,19918.1393
P6,Normal,Clipped,ThreeQuarters,14716.8418
P6,Normal,Clipped,ThreeQuarters,14390.8231
P6,Normal,Clipped,ThreeQuarters,16911.9673
P6,Normal,Clipped,ThreeQuarters,13171.7534
P6,Normal,Clipped,ThreeQuarters,16719.9563
P6,tPad,Normal,Quarter,4067.2327
P6,tPad,Normal,Quarter,5883.3365
P6,tPad,Normal,Quarter,4967.2841
P6,Normal,Clipped,Half,10535.6026
P6,Normal,Clipped,Half,16422.9394
P6,Normal,Clipped,Half,32171.8401
P6,Normal,Clipped,Half,13282.7598
P6,Normal,Clipped,Half,9618.5502
P6,Normal,Clipped,Half,7743.4429
P6,Normal,Clipped,Half,6787.3882
P6,Normal,Clipped,Half,10031.5738
P6,Normal,Clipped,Half,10024.5734
P6,tPad,Normal,Half,32218.8428
P6,tPad,Normal,Half,5659.3237
P6,tPad,Normal,Half,4224.2416
P6,tPad,Normal,Half,4015.2297
P6,tPad,Normal,Half,7498.4289
P6,tPad,Normal,Half,5611.3209
P6,tPad,Normal,Half,4951.2832
P6,tPad,Normal,Half,4695.2685
P6,tPad,Normal,Half,3588.2053
P6,Normal,Clipped,Quarter,20897.1952
P6,Normal,Clipped,Quarter,14668.839
P6,Normal,Clipped,Quarter,13823.7907
P6,Normal,Clipped,Quarter,10127.5793
P6,Normal,Clipped,Quarter,11889.68
P6,Normal,Clipped,Quarter,12282.7025
P6,Normal,Clipped,Quarter,18079.0341
P6,Normal,Clipped,Quarter,9719.5559
P6,Normal,Clipped,Quarter,9604.5494
P6,tPad,Normal,ThreeQuarters,25679.4688
P6,tPad,Normal,ThreeQuarters,5233.2993
P6,tPad,Normal,ThreeQuarters,3309.1892
P6,tPad,Normal,ThreeQuarters,3032.1734
P6,tPad,Normal,ThreeQuarters,3035.1736
P6,tPad,Normal,ThreeQuarters,3375.193
P6,tPad,Normal,ThreeQuarters,2928.1675
P6,tPad,Normal,ThreeQuarters,2916.1668
P6,tPad,Normal,ThreeQuarters,4131.2363
P6,Normal,Normal,ThreeQuarters,9692.5544
P6,Normal,Normal,ThreeQuarters,8051.4606
P6,Normal,Normal,ThreeQuarters,4288.2452
P6,Normal,Normal,ThreeQuarters,4647.2658
P6,Normal,Normal,ThreeQuarters,5116.2927
P6,Normal,Normal,ThreeQuarters,5511.3153
P6,Normal,Normal,ThreeQuarters,5811.3324
P6,Normal,Normal,ThreeQuarters,5024.2874
P6,Normal,Normal,ThreeQuarters,6160.3523
P6,tPad,Clipped,Quarter,21935.2546
P6,tPad,Clipped,Quarter,9983.571
P6,tPad,Clipped,Quarter,7077.4048
P6,tPad,Clipped,Quarter,7316.4185
P6,tPad,Clipped,Quarter,6115.3498
P6,tPad,Clipped,Quarter,11435.6541
P6,tPad,Clipped,Quarter,8779.5021
P6,tPad,Clipped,Quarter,15083.8627
P6,tPad,Clipped,Quarter,10924.6249
P6,Normal,Normal,Half,7012.401
P6,Normal,Normal,Half,5413.3096
P6,Normal,Normal,Half,6084.348
P6,Normal,Normal,Half,7435.4253
P6,Normal,Normal,Half,5267.3013
P6,Normal,Normal,Half,7463.4269
P6,Normal,Normal,Half,5422.3101
P6,Normal,Normal,Half,5715.3269
P6,Normal,Normal,Half,7824.4476
P6,tPad,Clipped,Half,27529.5747
P6,tPad,Clipped,Half,8099.4633
P6,tPad,Clipped,Half,3919.2242
P6,tPad,Clipped,Half,5667.3242
P6,tPad,Clipped,Half,3732.2134
P6,tPad,Clipped,Half,4851.2775
P6,tPad,Clipped,Half,4096.2343
P6,tPad,Clipped,Half,3991.2283
P6,tPad,Clipped,Half,4480.2562
P6,Normal,Normal,Quarter,6387.3654
P6,Normal,Normal,Quarter,6599.3775
P6,Normal,Normal,Quarter,4576.2617
P6,Normal,Normal,Quarter,5367.307
P6,Normal,Normal,Quarter,6974.3989
P6,Normal,Normal,Quarter,3739.2139
P6,Normal,Normal,Quarter,6075.3475
P6,Normal,Normal,Quarter,6858.3923
P6,Normal,Normal,Quarter,6443.3685
P6,tPad,Clipped,ThreeQuarters,11701.6693
P6,tPad,Clipped,ThreeQuarters,2392.1368
P6,tPad,Clipped,ThreeQuarters,4015.2297
P6,tPad,Clipped,ThreeQuarters,2347.1342
P6,tPad,Clipped,ThreeQuarters,1791.1025
P6,tPad,Clipped,ThreeQuarters,8176.4677
P6,tPad,Clipped,ThreeQuarters,8176.4677
P6,tPad,Clipped,ThreeQuarters,7423.4246
P6,tPad,Clipped,ThreeQuarters,2352.1345
P7,tPad,Normal,Quarter,32011.831
P7,tPad,Normal,Quarter,12971.7419
P7,tPad,Normal,Quarter,6551.3747
P7,tPad,Normal,Quarter,6639.3798
P7,tPad,Normal,Quarter,7443.4257
P7,tPad,Normal,Quarter,2864.1638
P7,tPad,Normal,Quarter,6127.3505
P7,tPad,Normal,Quarter,3667.2097
P7,tPad,Normal,Quarter,4928.2819
P7,tPad,Normal,Half,8979.5136
P7,tPad,Normal,Half,1508.0862
P7,tPad,Normal,Half,4159.2379
P7,tPad,Normal,Half,4355.2491
P7,tPad,Normal,Half,11131.6367
P7,tPad,Normal,Half,5671.3243
P7,tPad,Normal,Half,1892.1082
P7,tPad,Normal,Half,1257.0719
P7,tPad,Normal,Half,4171.2386
P7,Normal,Clipped,ThreeQuarters,75731.3316
P7,Normal,Clipped,ThreeQuarters,18368.0506
P7,Normal,Clipped,ThreeQuarters,13555.7753
P7,Normal,Clipped,ThreeQuarters,19875.1367
P7,Normal,Clipped,ThreeQuarters,11690.6687
P7,Normal,Clipped,ThreeQuarters,15307.8756
P7,Normal,Clipped,ThreeQuarters,9079.5193
P7,Normal,Clipped,ThreeQuarters,7423.4246
P7,Normal,Clipped,ThreeQuarters,9659.5525
P7,Normal,Clipped,Half,51863.9665
P7,Normal,Clipped,Half,15647.895
P7,Normal,Clipped,Half,9071.5189
P7,Normal,Clipped,Half,22775.3027
P7,Normal,Clipped,Half,10532.6024
P7,Normal,Clipped,Half,16970.9707
P7,Normal,Clipped,Half,4263.2438
P7,Normal,Clipped,Half,9615.55
P7,Normal,Clipped,Half,16635.9515
P7,tPad,Clipped,Quarter,75974.3455
P7,tPad,Clipped,Quarter,11819.676
P7,tPad,Clipped,Quarter,3865.2211
P7,tPad,Clipped,Quarter,10375.5935
P7,tPad,Clipped,Quarter,1832.1048
P7,tPad,Clipped,Quarter,4391.2512
P7,tPad,Clipped,Quarter,11459.6554
P7,tPad,Clipped,Quarter,9047.5174
P7,tPad,Clipped,Quarter,7911.4525
P7,Normal,Clipped,Quarter,18584.063
P7,Normal,Clipped,Quarter,14355.8211
P7,Normal,Clipped,Quarter,13234.757
P7,Normal,Clipped,Quarter,12315.7044
P7,Normal,Clipped,Quarter,17876.0224
P7,Normal,Clipped,Quarter,11758.6725
P7,Normal,Clipped,Quarter,11101.635
P7,Normal,Clipped,Quarter,6708.3837
P7,Normal,Clipped,Quarter,9615.55
P7,Normal,Normal,ThreeQuarters,9703.555
P7,Normal,Normal,ThreeQuarters,3890.2226
P7,Normal,Normal,ThreeQuarters,2448.14
P7,Normal,Normal,ThreeQuarters,3284.1879
P7,Normal,Normal,ThreeQuarters,2443.1398
P7,Normal,Normal,ThreeQuarters,1936.1107
P7,Normal,Normal,ThreeQuarters,4039.231
P7,Normal,Normal,ThreeQuarters,1916.1096
P7,Normal,Normal,ThreeQuarters,2876.1645
P7,tPad,Clipped,ThreeQuarters,74127.2398
P7,tPad,Clipped,ThreeQuarters,7395.423
P7,tPad,Clipped,ThreeQuarters,4988.2854
P7,tPad,Clipped,ThreeQuarters,9455.5408
P7,tPad,Clipped,ThreeQuarters,8207.4695
P7,tPad,Clipped,ThreeQuarters,3295.1885
P7,tPad,Clipped,ThreeQuarters,10607.6067
P7,tPad,Clipped,ThreeQuarters,10242.5858
P7,tPad,Clipped,ThreeQuarters,5079.2905
P7,Normal,Normal,Half,6543.3743
P7,Normal,Normal,Half,2771.1585
P7,Normal,Normal,Half,4731.2706
P7,Normal,Normal,Half,3613.2067
P7,Normal,Normal,Half,7319.4187
P7,Normal,Normal,Half,3739.2139
P7,Normal,Normal,Half,5315.304
P7,Normal,Normal,Half,2056.1176
P7,Normal,Normal,Half,4524.2588
P7,Normal,Normal,Quarter,17928.0254
P7,Normal,Normal,Quarter,3847.22
P7,Normal,Normal,Quarter,1839.1052
P7,Normal,Normal,Quarter,17198.9838
P7,Normal,Normal,Quarter,2655.1519
P7,Normal,Normal,Quarter,1147.0656
P7,Normal,Normal,Quarter,8939.5113
P7,Normal,Normal,Quarter,2711.1551
P7,Normal,Normal,Quarter,8475.4848
P8,tPad,Normal,Half,9195.5259
P8,tPad,Normal,Half,5435.3109
P8,tPad,Normal,Half,17115.9789
P8,tPad,Normal,Half,24107.3788
P8,tPad,Normal,ThreeQuarters,5252.3005
P8,tPad,Normal,ThreeQuarters,1244.0712
P8,tPad,Normal,ThreeQuarters,5420.3101
P8,tPad,Normal,ThreeQuarters,1282.0733
P8,tPad,Normal,ThreeQuarters,3340.1911
P8,tPad,Normal,ThreeQuarters,6015.3441
P8,tPad,Normal,ThreeQuarters,5644.3228
P8,tPad,Normal,ThreeQuarters,1794.1026
P8,tPad,Normal,Quarter,11117.6359
P8,tPad,Normal,Quarter,1248.0714
P8,tPad,Normal,Quarter,5851.3347
P8,tPad,Normal,Quarter,6675.3818
P8,tPad,Normal,Quarter,5621.3215
P8,tPad,Normal,Quarter,5371.3072
P8,tPad,Normal,Quarter,739.0423
P8,tPad,Normal,Quarter,6484.3709
P8,tPad,Normal,Quarter,4787.2738
P8,tPad,Clipped,Quarter,5699.326
P8,tPad,Clipped,Quarter,5583.3193
P8,tPad,Clipped,Quarter,694.0397
P8,tPad,Clipped,Quarter,5615.3212
P8,tPad,Clipped,Quarter,556.0318
P8,tPad,Clipped,Quarter,6379.3649
P8,tPad,Clipped,Quarter,887.0507
P8,tPad,Clipped,Quarter,4831.2763
P8,tPad,Clipped,Quarter,5076.2904
P8,Normal,Clipped,ThreeQuarters,73692.215
P8,Normal,Clipped,ThreeQuarters,17067.9762
P8,Normal,Clipped,ThreeQuarters,18047.0322
P8,Normal,Clipped,ThreeQuarters,11859.6784
P8,Normal,Clipped,ThreeQuarters,17804.0183
P8,Normal,Clipped,ThreeQuarters,21187.2118
P8,Normal,Clipped,ThreeQuarters,10272.5875
P8,Normal,Clipped,ThreeQuarters,12506.7154
P8,Normal,Clipped,ThreeQuarters,16795.9606
P8,tPad,Clipped,Half,37240.1301
P8,tPad,Clipped,Half,9431.5395
P8,tPad,Clipped,Half,9603.5493
P8,tPad,Clipped,Half,5212.2981
P8,tPad,Clipped,Half,4260.2436
P8,tPad,Clipped,Half,9843.5631
P8,tPad,Clipped,Half,7995.4573
P8,tPad,Clipped,Half,5944.34
P8,tPad,Clipped,Half,10131.5795
P8,Normal,Clipped,Half,38128.1808
P8,Normal,Clipped,Half,7351.4205
P8,Normal,Clipped,Half,18820.0764
P8,Normal,Clipped,Half,15230.8711
P8,Normal,Clipped,Half,13264.7587
P8,Normal,Clipped,Half,20347.1638
P8,Normal,Clipped,Half,12191.6973
P8,Normal,Clipped,Half,8607.4924
P8,Normal,Clipped,Half,16055.9184
P8,tPad,Clipped,ThreeQuarters,7838.4483
P8,tPad,Clipped,ThreeQuarters,10075.5763
P8,tPad,Clipped,ThreeQuarters,6883.3937
P8,tPad,Clipped,ThreeQuarters,6875.3932
P8,tPad,Clipped,ThreeQuarters,3244.1856
P8,tPad,Clipped,ThreeQuarters,7387.4226
P8,tPad,Clipped,ThreeQuarters,9411.5384
P8,tPad,Clipped,ThreeQuarters,6536.3739
P8,tPad,Clipped,ThreeQuarters,6823.3903
P8,Normal,Clipped,Quarter,54299.1057
P8,Normal,Clipped,Quarter,9639.5513
P8,Normal,Clipped,Quarter,5640.3226
P8,Normal,Clipped,Quarter,9915.5672
P8,Normal,Clipped,Quarter,15043.8605
P8,Normal,Clipped,Quarter,15459.8843
P8,Normal,Clipped,Quarter,8439.4827
P8,Normal,Clipped,Quarter,16654.9526
P8,Normal,Clipped,Quarter,11470.6561
P8,Normal,Normal,Quarter,4953.2833
P8,Normal,Normal,Quarter,1764.101
P8,Normal,Normal,Quarter,7391.4228
P8,Normal,Normal,Quarter,10075.5763
P8,Normal,Normal,Quarter,3039.1738
P8,Normal,Normal,Quarter,8792.5029
P8,Normal,Normal,Quarter,2968.1697
P8,Normal,Normal,Quarter,10023.5734
P8,Normal,Normal,Quarter,2485.1421
P8,Normal,Normal,ThreeQuarters,18067.0333
P8,Normal,Normal,ThreeQuarters,3944.2256
P8,Normal,Normal,ThreeQuarters,2412.138
P8,Normal,Normal,ThreeQuarters,2305.1319
P8,Normal,Normal,ThreeQuarters,7149.4089
P8,Normal,Normal,ThreeQuarters,9359.5353
P8,Normal,Normal,ThreeQuarters,2119.1212
P8,Normal,Normal,ThreeQuarters,7775.4448
P8,Normal,Normal,ThreeQuarters,1640.0938
P8,Normal,Normal,Half,14642.8375
P8,Normal,Normal,Half,10433.5968
P8,Normal,Normal,Half,9759.5582
P8,Normal,Normal,Half,4627.2647
P8,Normal,Normal,Half,1304.0746
P8,Normal,Normal,Half,6103.3491
P8,Normal,Normal,Half,4239.2424
P8,Normal,Normal,Half,1446.0827
P8,Normal,Normal,Half,5146.2943
P9,tPad,Normal,ThreeQuarters,3119.1784
P9,tPad,Normal,ThreeQuarters,4440.2539
P9,tPad,Normal,ThreeQuarters,4365.2497
P9,tPad,Normal,ThreeQuarters,888.0507
P9,tPad,Normal,ThreeQuarters,788.0451
P9,tPad,Normal,ThreeQuarters,2260.1292
P9,tPad,Normal,ThreeQuarters,4866.2783
P9,tPad,Normal,ThreeQuarters,3208.1835
P9,tPad,Normal,ThreeQuarters,3991.2283
P9,tPad,Clipped,Quarter,7469.4273
P9,tPad,Clipped,Quarter,3403.1946
P9,tPad,Clipped,Quarter,2572.1471
P9,tPad,Clipped,Quarter,4000.2288
P9,tPad,Clipped,Quarter,5979.342
P9,tPad,Clipped,Quarter,2724.1558
P9,tPad,Clipped,Quarter,4751.2717
P9,tPad,Clipped,Quarter,4796.2743
P9,tPad,Clipped,Quarter,6390.3655
P9,tPad,Normal,Half,4443.2541
P9,tPad,Normal,Half,3281.1876
P9,tPad,Normal,Half,4307.2464
P9,tPad,Normal,Half,1643.0939
P9,tPad,Normal,Half,3729.2133
P9,tPad,Normal,Half,712.0408
P9,tPad,Normal,Half,712.0407
P9,tPad,Normal,Half,1575.0901
P9,tPad,Normal,Half,2992.1711
P9,tPad,Clipped,Half,5383.3079
P9,tPad,Clipped,Half,3620.2071
P9,tPad,Clipped,Half,12035.6884
P9,tPad,Clipped,Half,5324.3045
P9,tPad,Clipped,Half,7315.4184
P9,tPad,Clipped,Half,5492.3142
P9,tPad,Clipped,Half,9615.55
P9,tPad,Clipped,Half,5899.3374
P9,tPad,Clipped,Half,2936.1679
P9,tPad,Normal,Quarter,2696.1542
P9,tPad,Normal,Quarter,2516.1439
P9,tPad,Normal,Quarter,3169.1813
P9,tPad,Normal,Quarter,3882.222
P9,tPad,Normal,Quarter,3139.1796
P9,tPad,Normal,Quarter,1256.0718
P9,tPad,Normal,Quarter,4139.2368
P9,tPad,Normal,Quarter,3792.2169
P9,tPad,Normal,Quarter,3620.207
P9,tPad,Clipped,ThreeQuarters,8284.4738
P9,tPad,Clipped,ThreeQuarters,2747.1571
P9,tPad,Clipped,ThreeQuarters,2411.1379
P9,tPad,Clipped,ThreeQuarters,6131.3507
P9,tPad,Clipped,ThreeQuarters,2803.1603
P9,tPad,Clipped,ThreeQuarters,8300.4748
P9,tPad,Clipped,ThreeQuarters,7003.4006
P9,tPad,Clipped,ThreeQuarters,2889.1652
P9,tPad,Clipped,ThreeQuarters,6317.3613
P9,Normal,Clipped,ThreeQuarters,45843.6221
P9,Normal,Clipped,ThreeQuarters,15047.8607
P9,Normal,Clipped,ThreeQuarters,14715.8417
P9,Normal,Clipped,ThreeQuarters,14923.8536
P9,Normal,Clipped,ThreeQuarters,9135.5226
P9,Normal,Clipped,ThreeQuarters,15073.8622
P9,Normal,Clipped,ThreeQuarters,12082.6911
P9,Normal,Clipped,ThreeQuarters,10567.6044
P9,Normal,Clipped,ThreeQuarters,12735.7285
P9,Normal,Normal,Quarter,15000.858
P9,Normal,Normal,Quarter,3555.2034
P9,Normal,Normal,Quarter,4715.2697
P9,Normal,Normal,Quarter,8163.4669
P9,Normal,Normal,Quarter,8951.512
P9,Normal,Normal,Quarter,8951.512
P9,Normal,Normal,Quarter,4045.2313
P9,Normal,Normal,Quarter,3351.1917
P9,Normal,Normal,Quarter,7411.424
P9,Normal,Clipped,Half,20084.1488
P9,Normal,Clipped,Half,16135.923
P9,Normal,Clipped,Half,13694.7833
P9,Normal,Clipped,Half,9699.5548
P9,Normal,Clipped,Half,9955.5694
P9,Normal,Clipped,Half,22111.2647
P9,Normal,Clipped,Half,8831.5051
P9,Normal,Clipped,Half,7129.4078
P9,Normal,Clipped,Half,8850.5062
P9,Normal,Normal,Half,7319.4186
P9,Normal,Normal,Half,9155.5237
P9,Normal,Normal,Half,7731.4422
P9,Normal,Normal,Half,7731.4422
P9,Normal,Normal,Half,2704.1546
P9,Normal,Normal,Half,2444.1398
P9,Normal,Normal,Half,5583.3193
P9,Normal,Normal,Half,8650.4947
P9,Normal,Normal,Half,7983.4566
P9,Normal,Clipped,Quarter,18620.065
P9,Normal,Clipped,Quarter,12371.7077
P9,Normal,Clipped,Quarter,12279.7023
P9,Normal,Clipped,Quarter,27807.5905
P9,Normal,Clipped,Quarter,14714.8417
P9,Normal,Clipped,Quarter,11002.6293
P9,Normal,Clipped,Quarter,7948.4546
P9,Normal,Clipped,Quarter,9115.5213
P9,Normal,Clipped,Quarter,6592.3771
P9,Normal,Normal,ThreeQuarters,9323.5333
P9,Normal,Normal,ThreeQuarters,9295.5316
P9,Normal,Normal,ThreeQuarters,3327.1903
P9,Normal,Normal,ThreeQuarters,10831.6195
P9,Normal,Normal,ThreeQuarters,7586.4339
P9,Normal,Normal,ThreeQuarters,6304.3606
P9,Normal,Normal,ThreeQuarters,12731.7282
P9,Normal,Normal,ThreeQuarters,6755.3864
P9,Normal,Normal,ThreeQuarters,5256.3006
P10,tPad,Clipped,Quarter,12230.6995
P10,tPad,Clipped,Quarter,14239.8145
P10,tPad,Clipped,Quarter,10003.5722
P10,tPad,Clipped,Quarter,4435.2537
P10,tPad,Clipped,Quarter,10943.626
P10,tPad,Clipped,Quarter,9741.5572
P10,tPad,Clipped,Quarter,8743.5001
P10,tPad,Clipped,Quarter,9702.5549
P10,tPad,Clipped,Quarter,5975.3417
P10,tPad,Clipped,Half,16257.9299
P10,tPad,Clipped,Half,10443.5974
P10,tPad,Clipped,Half,7677.4391
P10,tPad,Clipped,Half,5687.3253
P10,tPad,Clipped,Half,5528.3163
P10,tPad,Clipped,Half,8491.4856
P10,tPad,Clipped,Half,10803.618
P10,tPad,Clipped,Half,9240.5285
P10,tPad,Clipped,Half,10407.5953
P10,tPad,Normal,ThreeQuarters,15572.8908
P10,tPad,Normal,ThreeQuarters,6427.3676
P10,tPad,Normal,ThreeQuarters,4904.2805
P10,tPad,Normal,ThreeQuarters,4742.2712
P10,tPad,Normal,ThreeQuarters,2084.1192
P10,tPad,Normal,ThreeQuarters,6491.3713
P10,tPad,Normal,ThreeQuarters,7028.402
P10,tPad,Normal,ThreeQuarters,957.0548
P10,tPad,Normal,ThreeQuarters,11625.665
P10,tPad,Clipped,ThreeQuarters,3989.2281
P10,tPad,Clipped,ThreeQuarters,2603.1489
P10,tPad,Clipped,ThreeQuarters,4305.2463
P10,tPad,Clipped,ThreeQuarters,9483.5425
P10,tPad,Clipped,ThreeQuarters,8307.4752
P10,tPad,Clipped,ThreeQuarters,7566.4328
P10,tPad,Clipped,ThreeQuarters,8290.4742
P10,tPad,Clipped,ThreeQuarters,9852.5636
P10,tPad,Clipped,ThreeQuarters,3299.1887
P10,tPad,Normal,Half,2695.1542
P10,tPad,Normal,Half,1715.0981
P10,tPad,Normal,Half,5731.3278
P10,tPad,Normal,Half,8387.4798
P10,tPad,Normal,Half,5403.3091
P10,tPad,Normal,Half,782.0447
P10,tPad,Normal,Half,6087.3482
P10,tPad,Normal,Half,5767.3298
P10,tPad,Normal,Half,6059.3466
P10,Normal,Normal,Quarter,18604.0641
P10,Normal,Normal,Quarter,15430.8826
P10,Normal,Normal,Quarter,10235.5855
P10,Normal,Normal,Quarter,10467.5987
P10,Normal,Normal,Quarter,9275.5305
P10,Normal,Normal,Quarter,8823.5047
P10,Normal,Normal,Quarter,11235.6427
P10,Normal,Normal,Quarter,6656.3807
P10,Normal,Normal,Quarter,5244.3
P10,tPad,Normal,Quarter,6231.3564
P10,tPad,Normal,Quarter,4073.233
P10,tPad,Normal,Quarter,879.0503
P10,tPad,Normal,Quarter,1083.0619
P10,tPad,Normal,Quarter,2356.1347
P10,tPad,Normal,Quarter,3399.1944
P10,tPad,Normal,Quarter,2681.1533
P10,tPad,Normal,Quarter,3679.2105
P10,tPad,Normal,Quarter,8727.4992
P10,Normal,Normal,Half,10559.604
P10,Normal,Normal,Half,8295.4745
P10,Normal,Normal,Half,11755.6724
P10,Normal,Normal,Half,6547.3745
P10,Normal,Normal,Half,12075.6906
P10,Normal,Normal,Half,5665.324
P10,Normal,Normal,Half,9663.5527
P10,Normal,Normal,Half,3932.2249
P10,Normal,Normal,Half,10123.579
P10,Normal,Clipped,ThreeQuarters,22053.2614
P10,Normal,Clipped,ThreeQuarters,17779.0169
P10,Normal,Clipped,ThreeQuarters,14311.8185
P10,Normal,Clipped,ThreeQuarters,18284.0458
P10,Normal,Clipped,ThreeQuarters,14887.8516
P10,Normal,Clipped,ThreeQuarters,14978.8567
P10,Normal,Clipped,ThreeQuarters,6815.3898
P10,Normal,Clipped,ThreeQuarters,13656.7811
P10,Normal,Clipped,ThreeQuarters,13656.7811
P10,Normal,Normal,ThreeQuarters,7063.404
P10,Normal,Normal,ThreeQuarters,7665.4384
P10,Normal,Normal,ThreeQuarters,7665.4384
P10,Normal,Normal,ThreeQuarters,10735.6141
P10,Normal,Normal,ThreeQuarters,6783.388
P10,Normal,Normal,ThreeQuarters,10341.5915
P10,Normal,Normal,ThreeQuarters,11363.6499
P10,Normal,Normal,ThreeQuarters,7419.4243
P10,Normal,Normal,ThreeQuarters,10355.5923
P10,Normal,Clipped,Half,12203.698
P10,Normal,Clipped,Half,12159.6955
P10,Normal,Clipped,Half,12455.7124
P10,Normal,Clipped,Half,10954.6266
P10,Normal,Clipped,Half,12341.7059
P10,Normal,Clipped,Half,16613.9503
P10,Normal,Clipped,Half,10450.5978
P10,Normal,Clipped,Half,14887.8515
P10,Normal,Clipped,Half,14383.8227
P10,Normal,Clipped,Quarter,11287.6456
P10,Normal,Clipped,Quarter,13843.7918
P10,Normal,Clipped,Quarter,28439.6267
P10,Normal,Clipped,Quarter,14803.8467
P10,Normal,Clipped,Quarter,13287.76
P10,Normal,Clipped,Quarter,11023.6305
P10,Normal,Clipped,Quarter,5904.3377
P10,Normal,Clipped,Quarter,12759.7298
P10,Normal,Clipped,Quarter,12759.7298
P11,tPad,Clipped,Half,24158.3818
P11,tPad,Clipped,Half,7755.4436
P11,tPad,Clipped,Half,7755.4436
P11,tPad,Clipped,Half,12879.7367
P11,tPad,Clipped,Half,17508.0014
P11,tPad,Clipped,Half,6007.3436
P11,tPad,Clipped,Half,9844.5631
P11,tPad,Clipped,Half,9343.5345
P11,tPad,Clipped,Half,9531.5451
P11,tPad,Clipped,ThreeQuarters,13062.7472
P11,tPad,Clipped,ThreeQuarters,3387.1938
P11,tPad,Clipped,ThreeQuarters,8455.4837
P11,tPad,Clipped,ThreeQuarters,9359.5353
P11,tPad,Clipped,ThreeQuarters,8231.4708
P11,tPad,Clipped,ThreeQuarters,6260.3581
P11,tPad,Clipped,ThreeQuarters,6539.374
P11,tPad,Clipped,ThreeQuarters,9338.5342
P11,tPad,Clipped,ThreeQuarters,4552.2603
P11,tPad,Clipped,Quarter,10683.611
P11,tPad,Clipped,Quarter,7463.4268
P11,tPad,Clipped,Quarter,9855.5637
P11,tPad,Clipped,Quarter,11828.6766
P11,tPad,Clipped,Quarter,12375.7079
P11,tPad,Clipped,Quarter,5847.3345
P11,tPad,Clipped,Quarter,7320.4187
P11,tPad,Clipped,Quarter,7921.4531
P11,tPad,Clipped,Quarter,5176.296
P11,Normal,Normal,Quarter,54251.103
P11,Normal,Normal,Quarter,23843.3638
P11,Normal,Normal,Quarter,19039.0889
P11,Normal,Normal,Quarter,15503.8867
P11,Normal,Normal,Quarter,15135.8658
P11,Normal,Normal,Quarter,9419.5387
P11,Normal,Normal,Quarter,11391.6515
P11,Normal,Normal,Quarter,8191.4686
P11,Normal,Normal,Quarter,3052.1746
P11,tPad,Normal,ThreeQuarters,63355.6238
P11,tPad,Normal,ThreeQuarters,8571.4903
P11,tPad,Normal,ThreeQuarters,6165.3526
P11,tPad,Normal,ThreeQuarters,4719.2699
P11,tPad,Normal,ThreeQuarters,3552.2032
P11,tPad,Normal,ThreeQuarters,6183.3536
P11,tPad,Normal,ThreeQuarters,6859.3923
P11,tPad,Normal,ThreeQuarters,7315.4184
P11,tPad,Normal,ThreeQuarters,7647.4374
P11,Normal,Normal,Half,40450.3136
P11,Normal,Normal,Half,16775.9596
P11,Normal,Normal,Half,13071.7476
P11,Normal,Normal,Half,2572.1471
P11,Normal,Normal,Half,2588.148
P11,Normal,Normal,Half,8459.4838
P11,Normal,Normal,Half,3776.216
P11,Normal,Normal,Half,10555.6037
P11,Normal,Normal,Half,2696.1542
P11,tPad,Normal,Half,39370.2518
P11,tPad,Normal,Half,8160.4667
P11,tPad,Normal,Half,8383.4795
P11,tPad,Normal,Half,7280.4164
P11,tPad,Normal,Half,7649.4375
P11,tPad,Normal,Half,6960.3981
P11,tPad,Normal,Half,2749.1572
P11,tPad,Normal,Half,1868.1069
P11,tPad,Normal,Half,1868.1069
P11,Normal,Normal,ThreeQuarters,5168.2956
P11,Normal,Normal,ThreeQuarters,5168.2956
P11,Normal,Normal,ThreeQuarters,11667.6674
P11,Normal,Normal,ThreeQuarters,3972.2272
P11,Normal,Normal,ThreeQuarters,7899.4518
P11,Normal,Normal,ThreeQuarters,5220.2986
P11,Normal,Normal,ThreeQuarters,6947.3974
P11,Normal,Normal,ThreeQuarters,1688.0965
P11,Normal,Normal,ThreeQuarters,7476.4276
P11,tPad,Normal,Quarter,39699.2707
P11,tPad,Normal,Quarter,2016.1153
P11,tPad,Normal,Quarter,1394.0797
P11,tPad,Normal,Quarter,2028.116
P11,tPad,Normal,Quarter,5943.34
P11,tPad,Normal,Quarter,5856.335
P11,tPad,Normal,Quarter,5163.2953
P11,tPad,Normal,Quarter,6731.3851
P11,tPad,Normal,Quarter,1484.0849
P11,Normal,Clipped,Quarter,49058.806
P11,Normal,Clipped,Quarter,21431.2258
P11,Normal,Clipped,Quarter,9371.5361
P11,Normal,Clipped,Quarter,15294.8748
P11,Normal,Clipped,Quarter,17975.0281
P11,Normal,Clipped,Quarter,16651.9525
P11,Normal,Clipped,Quarter,19932.1401
P11,Normal,Clipped,Quarter,15591.8918
P11,Normal,Clipped,Quarter,13331.7625
P11,Normal,Clipped,ThreeQuarters,30850.7646
P11,Normal,Clipped,ThreeQuarters,24427.3972
P11,Normal,Clipped,ThreeQuarters,10935.6255
P11,Normal,Clipped,ThreeQuarters,18437.0546
P11,Normal,Clipped,ThreeQuarters,7179.4106
P11,Normal,Clipped,ThreeQuarters,5643.3228
P11,Normal,Clipped,ThreeQuarters,6563.3754
P11,Normal,Clipped,ThreeQuarters,5851.3347
P11,Normal,Clipped,ThreeQuarters,14287.8173
P11,Normal,Clipped,Half,17976.0282
P11,Normal,Clipped,Half,8011.4583
P11,Normal,Clipped,Half,24447.3984
P11,Normal,Clipped,Half,14356.8212
P11,Normal,Clipped,Half,15446.8835
P11,Normal,Clipped,Half,5620.3215
P11,Normal,Clipped,Half,13407.7669
P11,Normal,Clipped,Half,12635.7227
P11,Normal,Clipped,Half,7776.4448
P12,tPad,Clipped,ThreeQuarters,5090.2911
P12,tPad,Clipped,ThreeQuarters,12134.6941
P12,tPad,Clipped,ThreeQuarters,9163.5241
P12,tPad,Clipped,ThreeQuarters,7968.4558
P12,tPad,Clipped,ThreeQuarters,5828.3333
P12,tPad,Clipped,ThreeQuarters,10287.5884
P12,tPad,Clipped,ThreeQuarters,5215.2983
P12,tPad,Clipped,ThreeQuarters,3562.2037
P12,tPad,Clipped,ThreeQuarters,3855.2205
P12,tPad,Clipped,Half,777174.4518
P12,tPad,Clipped,Half,6679.3821
P12,tPad,Clipped,Half,4735.2709
P12,tPad,Clipped,Half,2764.1581
P12,tPad,Clipped,Half,6711.3839
P12,tPad,Clipped,Half,4993.2856
P12,tPad,Clipped,Half,9599.549
P12,tPad,Clipped,Half,6740.3855
P12,tPad,Clipped,Half,2003.1146
P12,tPad,Clipped,Quarter,31986.8295
P12,tPad,Clipped,Quarter,2348.1343
P12,tPad,Clipped,Quarter,3523.2015
P12,tPad,Clipped,Quarter,2443.1398
P12,tPad,Clipped,Quarter,5766.3298
P12,tPad,Clipped,Quarter,2652.1517
P12,tPad,Clipped,Quarter,4851.2775
P12,tPad,Clipped,Quarter,2828.1618
P12,tPad,Clipped,Quarter,3028.1732
P12,tPad,Normal,Half,11595.6633
P12,tPad,Normal,Half,3203.1833
P12,tPad,Normal,Half,2032.1163
P12,tPad,Normal,Half,3216.184
P12,tPad,Normal,Half,3503.2004
P12,tPad,Normal,Half,2380.1361
P12,tPad,Normal,Half,1520.0869
P12,tPad,Normal,Half,2359.135
P12,tPad,Normal,Half,2337.1337
P12,tPad,Normal,Quarter,20780.1886
P12,tPad,Normal,Quarter,2547.1457
P12,tPad,Normal,Quarter,3680.2105
P12,tPad,Normal,Quarter,3283.1878
P12,tPad,Normal,Quarter,2499.143
P12,tPad,Normal,Quarter,1156.0661
P12,tPad,Normal,Quarter,4947.283
P12,tPad,Normal,Quarter,3216.1839
P12,tPad,Normal,Quarter,3831.2192
